,date,userName,isEdited,title,review,rating,developerResponse,review_basic_clean,sentiment,negative confidence score,neutral confidence score,positive confidence score
0,2019-10-08 06:07:22,Ferdi_in_Utrecht,False,Fast weather,ideal! Refuel and then go right back through. Nice app and also Freebees are kept.,5,,ideal Refuel go right back Nice app also Freebees kept,positive,0.0,0.01,0.99
1,2019-10-29 12:01:57,Martin2408,False,Super fast refuelling,"Tried at BP Slagboom in Amsterdam, worked very well! In the app you can find which stations it is already active on. Very handy that you can also link your BP Fuel Card.",5,,Tried BP Slagboom Amsterdam worked well In app find station already active Very handy also link BP Fuel Card,positive,0.01,0.01,0.98
2,2019-11-13 14:22:34,perikles1995,False,worthless,"Tried with BP Helvoirt and despite communication on the front, the employee tells us that App does not work. No details and no further info. From now on, go across the street from Esso. At least that's where the Esso app works fine.",1,"{'id': 11908464, 'body': 'Beste Perikles1995, wat vervelend dat BPme niet werkt bij BP Helvoirt. We zullen dit onderzoeken en zorgen dat de app zo snel mogelijk net zo goed werkt als op onze andere stations! ', 'modified': '2019-11-18T13:16:23Z'}",Tried BP Helvoirt despite communication front employee tell u App work No detail info From go across street Esso At least thats Esso app work fine,negative,0.82,0.02,0.16
3,2019-11-26 13:18:02,Wubby39,False,Unable to add a MasterCard,"App looks nice, still testing... however, I cannot add my MasterCard because it can only be added via the app and I get the notification for the cookies setting of my iPhone??. So then don't use the app and just pay at the checkout, you might also have a nice conversation😉.",1,"{'id': 12293723, 'body': 'Beste Wubby39, bedankt voor je melding. We hebben deze bug direct gefixt in de laatste versie 1.62.2', 'modified': '2019-12-09T13:19:36Z'}",App look nice still testing however I cannot add MasterCard added via app I get notification cooky setting iPhone So dont use app pay checkout might also nice conversation,negative,0.6,0.04,0.36
4,2019-12-01 20:44:20,#typ een bijnaam,False,Super simple,"First attempted today on N57. A little uncomfortable, but it works fine. I use the app in combination with the BP tank card + freebees. Was also for pump employee first time so we took a look together, turned out not to be necessary afterwards.",5,,First attempted today N A little uncomfortable work fine I use app combination BP tank card freebee Was also pump employee first time took look together turned necessary afterwards,positive,0.19,0.09,0.72
5,2019-12-29 14:54:08,Oroblrambur104,False,Transaction history,It would be nice if you could see your transaction history as in the browser variant of Bp.,5,"{'id': 12774191, 'body': 'Bij het menu ""account"" (rechtsonder) kun je alle BPme transacties van je account terug vinden! ', 'modified': '2020-01-07T15:17:45Z'}",It would nice could see transaction history browser variant Bp,positive,0.01,0.06,0.93
6,2020-02-01 21:12:20,Merga,False,MTc,I miss the opportunity to add my Multi Tank card. Is this coming?,2,"{'id': 13261267, 'body': 'Beste Merga, vooralsnog ondersteunt deze app van BP alleen de BP Tankpas van BP en uiteraard alle andere consumenten betaalmethoden zoals iDEAL en credit cards. Wij onderzoeken de mogelijkheden om ook de MTC toe te voegen in de toekomst. ', 'modified': '2020-02-03T10:18:00Z'}",I miss opportunity add Multi Tank card Is coming,negative,0.83,0.13,0.04
7,2020-02-03 16:05:37,DeVisdude,True,Freebees transancies overview,I miss an overview of ALL Freebees transancations in the app,3,"{'id': 13261329, 'body': 'In de transactie historie (in het menu account) kun je al je BPme transacties terug vinden incl. FreeBees informatie. Bij het menu ""acties"" kun je je FreeBees-saldo en actuele aanbiedingen terug vinden. Voor een overzicht van alle FreeBees-transacties (incl. niet BPme transacties) kun je inloggen op www.freebees.nl ', 'modified': '2020-02-03T10:20:08Z'}",I miss overview ALL Freebees transancations app,negative,0.99,0.0,0.01
8,2020-02-03 18:29:48,Aquagenius,False,For individuals only,"Especially as an entrepreneur, I refuel a lot. Can't add my fuel card from the leasing company.... Really a miss.",2,"{'id': 13308647, 'body': 'Vooralsnog ondersteunt deze app van BP alleen de BP Tankpas van BP en uiteraard alle andere consumenten betaalmethoden zoals iDEAL en credit cards. Wij onderzoeken de mogelijkheden om ook andere tankpassen toe te voegen in de toekomst.', 'modified': '2020-02-05T12:10:22Z'}",Especially entrepreneur I refuel lot Cant add fuel card leasing company Really miss,negative,1.0,0.0,0.0
9,2020-02-03 19:41:48,vzvxvbsjdhzjnsjjz,False,Unable to log in,"When I log in, email and password filled in. I come back to the screen with registration and login...",2,"{'id': 13308663, 'body': 'Als je belt met 0800 – 2727270 helpen we je graag verder!', 'modified': '2020-02-05T12:11:08Z'}",When I log email password filled I come back screen registration login,neutral,0.01,0.99,0.0
10,2020-02-03 21:12:09,WilliamsNL,False,log in? impossible,"After 3 password resets, making a password manager impossible and not being able to use special characters and 7 login attempts specified it. There's room for improvement.",1,"{'id': 13308686, 'body': 'Bekijk onze overzichtelijke instructievideo op:  https://www.bp.com/nl_nl/netherlands/home/producten-en-services/bpme/bpme-voor-ios.html Mocht het dan alsnog niet lukken kun je altijd contact opnemen met onze klantenservice, zij helpen je graag verder! ', 'modified': '2020-02-05T12:12:37Z'}",After password reset making password manager impossible able use special character login attempt specified Theres room improvement,mixed,0.51,0.04,0.45
11,2020-02-04 14:24:02,Mbe88,False,Lacks functionality,Nice but totally useless for the business rider as there is no option to add a multi tank card.,2,"{'id': 13308689, 'body': 'Vooralsnog ondersteunt deze app van BP alleen de BP Tankpas van BP en uiteraard alle andere consumenten betaalmethoden zoals iDEAL en credit cards. Wij onderzoeken de mogelijkheden om ook andere tankpassen toe te voegen in de toekomst.', 'modified': '2020-02-05T12:12:54Z'}",Nice totally useless business rider option add multi tank card,negative,0.99,0.0,0.01
12,2020-02-04 20:19:40,Yygsg.325,False,Multitankcard,Unfortunately no Multitankcard possible. Then you miss out on a lot of lease riders... 🤷🏽 ♂️,1,"{'id': 13308691, 'body': 'Vooralsnog ondersteunt deze app van BP alleen de BP Tankpas van BP en uiteraard alle andere consumenten betaalmethoden zoals iDEAL en credit cards. Wij onderzoeken de mogelijkheden om ook andere tankpassen toe te voegen in de toekomst.', 'modified': '2020-02-05T12:13:01Z'}",Unfortunately Multitankcard possible Then miss lot lease rider,negative,0.97,0.01,0.02
13,2020-02-04 21:40:20,Buis83,False,"Not interesting for lease drivers, missed opportunity","App looks fine only don't understand that not all fuel cards were taken with them during the development. It remains strange that you pay klan with an MTC at the counter, but adding these types of debit cards in the app is put on hold. Missed opportunity which also allows you to whistle to the extra action freebees to spare. Great app for individuals I think.",2,"{'id': 13308694, 'body': 'Bedankt voor je reactie, we nemen deze feedback zeker mee! ', 'modified': '2020-02-05T12:13:24Z'}",App look fine dont understand fuel card taken development It remains strange pay klan MTC counter adding type debit card app put hold Missed opportunity also allows whistle extra action freebee spare Great app individual I think,mixed,0.72,0.02,0.26
14,2020-02-05 00:44:27,melkkoe63,False,despairing,"Nice to promote the app, especially with 1000 extra freebees. I'd like to! What is not said is that the majority of BP stations do not participate in the app!. So it doesn't work, and by the time I can maybe join in around here, that Freebees action is already over. Thanks BP, I'll get that 1,500 liters of ultimate 98 a year somewhere from now on. Also saves me 5 cents a liter. Sounds stupid, but this is the umpteenth time BP has let me down.",1,"{'id': 13308715, 'body': 'Op ruim 85% van alle bemande BP stations is BPme beschikbaar. In de app kun je gemakkelijk en snel zien welke stations deelnemen! ', 'modified': '2020-02-05T12:14:11Z'}",Nice promote app especially extra freebee Id like What said majority BP station participate app So doesnt work time I maybe join around Freebees action already Thanks BP Ill get liter ultimate year somewhere Also save cent liter Sounds stupid umpteenth time BP let,mixed,0.51,0.1,0.39
15,2020-02-05 12:28:57,Toramanli,False,Malfunctioning app.,"What a malfunctioning app, indicates many errors.",1,"{'id': 13398076, 'body': 'Helaas hebben wij op 5 februari een korte wereldwijde storing gehad, inmiddels kun je weer inloggen en gebruik maken van BPme! ', 'modified': '2020-02-10T12:49:11Z'}",What malfunctioning app indicates many error,negative,1.0,0.0,0.0
16,2020-02-05 13:29:11,KvMidde,False,Login not possible,"Unable to log in to the app, after entering my password I will return to the home screen. In addition, it is a pity that you cannot pay with a travel card fuel card, I still get little out of it.",2,"{'id': 13315829, 'body': 'Helaas hebben wij vandaag een technische storing gehad, deze is inmiddels verholpen', 'modified': '2020-02-05T19:01:10Z'}",Unable log app entering password I return home screen In addition pity cannot pay travel card fuel card I still get little,negative,0.99,0.01,0.0
17,2020-02-05 16:22:05,GianguiG,False,Very bad,Incredible. Commercials all over the places to use the App and then you can not even log in. Very weird,1,"{'id': 13398075, 'body': 'Helaas hebben wij op 5 februari een korte wereldwijde storing gehad, inmiddels kun je weer inloggen en gebruik maken van BPme! ', 'modified': '2020-02-10T12:49:05Z'}",Incredible Commercials place use App even log Very weird,mixed,0.65,0.02,0.33
18,2020-02-05 16:53:34,BirdyLV,False,Login impossible,"After 3 attempts in vain login attempts, incl. created a new password, I stopped. It is not possible to log in to the app.",1,,After attempt vain login attempt incl created new password I stopped It possible log app,negative,0.89,0.11,0.0
19,2020-02-05 17:43:08,snekdnem🔪,False,worthless,"Basically the app of my dreams. Exactly what I was looking for. However, logging in is impossible. Keeps coming back on login screen😓",1,,Basically app dream Exactly I looking However logging impossible Keeps coming back login screen,mixed,0.5,0.16,0.34
20,2020-02-05 17:55:45,X-bolla,False,Hmmm,"Enthusiastically downloaded the app. Is quite convenient for me as a disabled person, saves walking to the shop / cash register. App installed, after 3 attempts to create account finally succeeded. Then I can't get back in. After filling in login details, I immediately get a login screen again. After several attempts, try app off. Back on it. log in. Same problem. Maybe offered to customers too soon...?. By the way, filling in completely every time is very annoying. There are plenty of apps where you can log in with login code or fingerprint, so easy... (if I can, my mistake but I can't get in as mentioned... 🤯)",1,"{'id': 13398054, 'body': 'Je kunt je registreren met mailadres en wachtwoord, als je voor de eerste keer inlogt kun je een 4-cijferige inlogcode kiezen of gebruik maken van je vingerafdruk. Kijk voor meer informatie op: https://www.bp.com/nl_nl/netherlands/home/producten-en-services/bpme/bpme-voor-ios.html', 'modified': '2020-02-10T12:48:23Z'}",Enthusiastically downloaded app Is quite convenient disabled person save walking shop cash register App installed attempt create account finally succeeded Then I cant get back After filling login detail I immediately get login screen After several attempt try app Back log Same problem Maybe offered customer soon By way filling completely every time annoying There plenty apps log login code fingerprint easy I mistake I cant get mentioned,mixed,0.77,0.05,0.18
21,2020-02-05 18:00:27,Voor met Nas,False,Not logging in,Registration and login very unclear. It seems punctuation marks are not allowed. Logging into the app results in returning to home screen. I'm going to stay in a barrel.,2,"{'id': 13398023, 'body': 'Vervelend om te horen, we helpen je graag op weg! https://www.bp.com/nl_nl/netherlands/home/producten-en-services/bpme/bpme-voor-ios.html ', 'modified': '2020-02-10T12:47:26Z'}",Registration login unclear It seems punctuation mark allowed Logging app result returning home screen Im going stay barrel,negative,0.91,0.07,0.02
22,2020-02-05 21:10:47,GAWSneakerz,False,Ideal for the private,"I never write reviews, but this app really makes refueling a lot better. Put the credit card on it and go with that banana!",5,"{'id': 13398006, 'body': 'Goed om te horen, app aan, tanken en gaan! ', 'modified': '2020-02-10T12:46:51Z'}",I never write review app really make refueling lot better Put credit card go banana,positive,0.26,0.03,0.71
23,2020-02-06 17:16:04,AyrtonYesse,False,Not working app properly,"Used this morning and paid double. At first, the pump numbers didn't work. He indicated at pump in Oirschot that I could refuel at pump numbers 5 to 10, in reality we have pump 1 to M 8. Then refueled and paid at pump 5. I picked up a snack and then it turned out that the refuelling had not been paid to the cash register and had been debited from my account. Also no mail and on the app there is nothing. Idea was good, too bad it doesn't work.",1,"{'id': 13397982, 'body': 'Wat vervelend om te horen dat de betaling niet goed is verlopen, het geld wordt uiteraard automatisch teruggestort. Bij vragen kun je altijd even contact opnemen met: 0800 – 2727270', 'modified': '2020-02-10T12:45:53Z'}",Used morning paid double At first pump number didnt work He indicated pump Oirschot I could refuel pump number reality pump M Then refueled paid pump I picked snack turned refuelling paid cash register debited account Also mail app nothing Idea good bad doesnt work,negative,0.94,0.05,0.01
24,2020-02-06 19:05:27,valentijnll,False,Unfortunately not working on iPhone 6s,"Unfortunately, this app does not work on the iPhone 6s.",1,"{'id': 14491079, 'body': 'Beste valentijnII, BPme werkt ook op de iPhone 6s hoor! Zou je het nog eens willen proberen, met onze nieuwste update?', 'modified': '2020-04-06T13:50:52Z'}",Unfortunately app work iPhone,negative,1.0,0.0,0.0
25,2020-02-08 18:51:23,Fidopup,False,Can't find a gas station,"Installed, location facilities are on, also for this app, but the app can't find a single BP petrol station, even if you're next to it... What good is this going to do you?",1,"{'id': 13397955, 'body': 'We horen graag bij welk station je deze problemen hebt ondervonden? In het menu ""stations"" zie je alle deelnemende stations en in het menu ""tanken""  herkent de app normaal gesproken automatisch op welk station je bent. Wij zijn te bereiken op: 0800 – 2727270', 'modified': '2020-02-10T12:44:46Z'}",Installed location facility also app app cant find single BP petrol station even youre next What good going,negative,0.56,0.28,0.16
26,2020-02-09 09:38:35,Hend 5,False,Scan debit card,Scanning of the debit card is not possible.,1,"{'id': 13397916, 'body': 'Je kunt een credit card scannen of de cijfers handmatig toevoegen. Van iDEAL kun je uiteraard direct gebruik maken! ', 'modified': '2020-02-10T12:43:42Z'}",Scanning debit card possible,negative,1.0,0.0,0.0
27,2020-02-10 13:08:53,dvxxxxxx78,True,Get used to it but works fine,"It takes some getting used to the first time, but after that it works fine. By default you initially pay 150 euros, the overpaid amount was already in my account the next day. However, you can adjust this amount and the next time I reduced the amount. As a suggestion for a new version: I would like to see an overview of my saved Freebees, or possibly a link to my account on the Freebees website, which is a lot more user-friendly. Developer response supplement:. I understand how it works, it's more that a full synchronization or integration of the Freebees into BPMe would make it even clearer. For example, I can see whether the processing of bonuses for extra Freebees is also well processed. For me as a customer, one app per company where I am a customer is enough.",5,"{'id': 13315848, 'body': 'In het menu ""acties"" kun je je FreeBees-saldo vinden en bij ""account"" als je BPme transacties incl. gespaarde FreeBees. Voor alle FreeBees-transacties, ook die buiten BPme om, moet je inderdaad inloggen op freebees.nl. Bedankt voor je feedback! ', 'modified': '2020-02-05T19:03:20Z'}",It take getting used first time work fine By default initially pay euro overpaid amount already account next day However adjust amount next time I reduced amount As suggestion new version I would like see overview saved Freebees possibly link account Freebees website lot userfriendly Developer response supplement I understand work full synchronization integration Freebees BPMe would make even clearer For example I see whether processing bonus extra Freebees also well processed For customer one app per company I customer enough,mixed,0.35,0.01,0.64
28,2020-02-11 05:43:42,Nico Brandsen,False,You can't log in,"After having been in contact several times by phone, logging in is still not possible. Apparently, bp doesn't know how the App works either. Too bad.",1,"{'id': 13742305, 'body': 'Bedankt voor het downloaden van de App en dat je eerder al contact hebt opgenomen met de klantenservice. Er zijn geen technische problemen met inloggen bekend bij ons, je kunt er altijd nog voor kiezen ter verduidelijking print screens te mailen naar-> consumentenservice@bp.com', 'modified': '2020-02-27T14:48:17Z'}",After contact several time phone logging still possible Apparently bp doesnt know App work either Too bad,negative,0.96,0.04,0.0
29,2020-02-11 13:34:10,pharmalogics,False,Error message: pump cannot be released,After the payment I received the message that the pump cannot be released. I still had to walk into the store to pay there too. This happened to me twice. I hope that this issue will be resolved as soon as possible,1,"{'id': 13742464, 'body': 'Bedankt voor het downloaden van de App en het posten van een comment. Jammer dat het niet lukte een transactie te verrichten. Schroom niet contact op te nemen met de klantenservice -> 0800-2727270', 'modified': '2020-02-27T14:57:13Z'}",After payment I received message pump cannot released I still walk store pay This happened twice I hope issue resolved soon possible,mixed,0.73,0.01,0.26
30,2020-02-11 14:49:44,zaka165,True,App works,"App unstable, buttons not working. Update; was malfunction. App works",4,"{'id': 13308669, 'body': 'Als je belt met 0800 – 2727270 helpen we je graag verder!', 'modified': '2020-02-05T12:11:27Z'}",App unstable button working Update malfunction App work,negative,1.0,0.0,0.0
31,2020-02-12 06:59:11,Tessa'71,False,Not being able to determine an amount yourself,"The conditions state that you can determine an amount yourself to refuel, but that is not the case. I could only refuel for 150,- now I know I can get that back but find 150,- a lot to bet.",1,"{'id': 13554983, 'body': 'Hoi Tessa, je kunt kiezen voor een volle tank wat 150 euro is maar je kunt er ook voor kiezen om dit uit te zetten en zelf je bedrag bepalen', 'modified': '2020-02-18T10:03:33Z'}",The condition state determine amount refuel case I could refuel I know I get back find lot bet,neutral,0.18,0.8,0.02
32,2020-02-13 20:43:47,Dennis _NL,False,Worthless development effort,What a waste of digital space. Starts with impossible registration process with a not correct responding app. I gave up and deleted.,1,"{'id': 13555010, 'body': 'Sad to hear, we are happy to help you! Please contact us via 0800 – 2727270 ', 'modified': '2020-02-18T10:04:23Z'}",What waste digital space Starts impossible registration process correct responding app I gave deleted,negative,1.0,0.0,0.0
33,2020-02-14 02:16:50,toverniesl,False,Registering is not possible,You have to have a very long password but after trying 6x it still didn't work out. bad.,1,"{'id': 13555047, 'body': 'Het wachtwoord moet uit minimaal 8 tekens bestaan waarvan 1 hoofdletter, 1 kleine letter, 1 cijfer en 1 speciaal teken. Als je belt met 0800 – 2727270 helpen we je graag verder!', 'modified': '2020-02-18T10:05:39Z'}",You long password trying x still didnt work bad,negative,1.0,0.0,0.0
34,2020-02-16 14:15:02,Willem vd L,False,fast!!,Wonderfully fast and easy!! No cash or anything. A godsend though!👍,5,"{'id': 13555071, 'body': 'Bedankt Willem! ', 'modified': '2020-02-18T10:06:55Z'}",Wonderfully fast easy No cash anything A godsend though,positive,0.0,0.0,1.0
35,2020-02-16 16:10:09,Appspoor,False,Super,"Work ideally, scan credit card and click on a full tank.",5,"{'id': 13555090, 'body': 'BPme, de makkelijkste manier om voor brandstof te betalen! :) ', 'modified': '2020-02-18T10:07:38Z'}",Work ideally scan credit card click full tank,positive,0.0,0.01,0.99
36,2020-02-17 12:43:54,rhimaR72,False,What a pity,hello. 2 dots. 1st due to not working the system I have nicely missed out on my bonus of 10 euros welcome. Always had to pay with the pass instead of with the app. Today finally had a pump that worked but of course the offer was already gone. 2nd please make a button to close the app. I have it on Apple and now have to close the app via open apps. Would be more convenient to place an X somewhere. regards,2,"{'id': 14288885, 'body': 'De aanbieding van 10euro extra FreeBees is nog geldig tot en met 12 mei en deze FreeBees ontvang je automatisch als je met BPme hebt betaald. Misgelopen FreeBees worden vergoed via de FreeBees-klantenservice. \n\nBedankt voor je tip omtrent het sluiten van de app! ', 'modified': '2020-03-27T14:09:49Z'}",hello dot st due working system I nicely missed bonus euro welcome Always pay pas instead app Today finally pump worked course offer already gone nd please make button close app I Apple close app via open apps Would convenient place X somewhere regard,mixed,0.39,0.15,0.46
37,2020-02-19 17:19:46,Daphne S.,False,"IDeal doesn't work, you won't see that until the money's off","What a lousy app. First used with IDeal, after logging into my banking app, a pop-up appears from BP that something has gone wrong and no money has been written off. Then another try and the same report. Separately logged in to my bank app and nice that the money has been debited 2 times. And I was able to pay again because I hadn't refueled yet so all in all three times as much money spent for 1 tank. Customer service BP called, who confirmed that there are problems with iDeal. Don't launch that app yet!!",1,"{'id': 13669950, 'body': 'Hoi Daphne, vervelend dat je problemen met iDEAL hebt ondervonden. Deze zijn inmiddels verholpen! ', 'modified': '2020-02-24T14:22:41Z'}",What lousy app First used IDeal logging banking app popup appears BP something gone wrong money written Then another try report Separately logged bank app nice money debited time And I able pay I hadnt refueled yet three time much money spent tank Customer service BP called confirmed problem iDeal Dont launch app yet,negative,0.86,0.06,0.08
38,2020-02-20 21:29:46,Beek1960,False,Fill in the amount in advance?,Good initiative. but.... Tapping in advance for how much you want to refuel is not convenient. I always fill up a full tank.,3,"{'id': 13669990, 'body': 'Hoi! Als je met een creditcard wilt betalen kun je voor een volle tank kiezen. Wil je met iDEAL betalen dan vragen we je het bedrag te kiezen met een maximum van 150euro, dit moet genoeg zijn voor een volle tank! ', 'modified': '2020-02-24T14:24:13Z'}",Good initiative Tapping advance much want refuel convenient I always fill full tank,mixed,0.5,0.0,0.5
39,2020-02-21 10:49:18,DigiBeet1999,False,Money taken again,"Tried again today to pay with the app. Last time €150 disentanged me from my account taken by bp. Now again, 10€ tried as a test BP Kerkhof in The Hague. Money taken from my account by BP but the pump was not released. Shop manager had a vague story about reservation and then the blame lies with ABNAmro and not bi Bp. Yes nonsense BP it's your app!!!! And my money. Stupid app!! Now I'm really throwing it off!",1,"{'id': 14288871, 'body': 'Beste Digibeet1999, wat vervelend dat het proces verstoord is geraakt. Met BPme betaal je (een zelf gekozen maximaal bedrag) vooruit, waarna het restant binnen 48u wordt teruggestort. Ditzelfde geldt voor transacties die zijn verstoord door bijv. een falende internetverbinding. Als je verder met ons in contact wilt komen kun je altijd contact opnemen via: consumentenservice@bp.com', 'modified': '2020-03-27T14:09:01Z'}",Tried today pay app Last time disentanged account taken bp Now tried test BP Kerkhof The Hague Money taken account BP pump released Shop manager vague story reservation blame lie ABNAmro bi Bp Yes nonsense BP app And money Stupid app Now Im really throwing,negative,0.85,0.14,0.01
40,2020-02-22 14:57:45,Bramd89,False,Outrageously bad,"Just had to pay double because the app didn't work, but made me pay 100 euros in advance. The developers should be ashamed of such a crappy app. Not worth the one star yet.",1,"{'id': 13670008, 'body': 'Wat vervelend om te horen dat je problemen hebt ervaren Bram! Het geld wordt automatisch binnen 48uur teruggestort. Excuses voor het ongemak. ', 'modified': '2020-02-24T14:24:50Z'}",Just pay double app didnt work made pay euro advance The developer ashamed crappy app Not worth one star yet,negative,1.0,0.0,0.0
41,2020-02-22 23:42:19,Denn38,False,location,"I thought I'm going to try the app, nice concept but the location doesn't work 100% for me when I'm at the pump the app can't indicate that I can choose a pump number or that I'm at a pump at all when I can see this in the indicated folder. Can this be fixed otherwise that app is a bit pointless🤷🏼 ♂️",2,"{'id': 13670019, 'body': 'Wat vervelend dat je geen pomp kan selecteren. Zou je contact op willen nemen met de klantenservice (0800 – 2727270) en aangeven welk station het betreft? Dan zorgen wij ervoor dat het zo spoedig mogelijk wordt opgelost. ', 'modified': '2020-02-24T14:25:32Z'}",I thought Im going try app nice concept location doesnt work Im pump app cant indicate I choose pump number Im pump I see indicated folder Can fixed otherwise app bit pointless,negative,1.0,0.0,0.0
42,2020-02-24 10:36:11,e-Ric Ii,False,1st use disappointing.,"App neatly shows which station I'm at. So I choose option 'pump number'. I get the message 'technical problem' with the exhortation 'try again'. Anyway; tried fruitlessly a few times and then upon enquiry in the kiosk it turned out that the app does not work there at all. Then report it; instead of repeating ""try again"" over and over again... 🤬",2,"{'id': 13670127, 'body': 'Helaas is er vandaag een netwerk storing geweest, alle problemen zijn inmiddels opgelost. We hopen dat je nog vaak van BPme gebruik zult maken. ', 'modified': '2020-02-24T14:30:01Z'}",App neatly show station Im So I choose option pump number I get message technical problem exhortation try Anyway tried fruitlessly time upon enquiry kiosk turned app work Then report instead repeating try,negative,0.99,0.01,0.0
43,2020-02-24 14:48:21,..Mark,True,"Knudde, app released far too early","2 x tried to refuel at 2 different pumps, 3x cash collection by BPme succeeds, but no fuel, money after 3 days not back...... After calling money received back after 6 and 4 days. App released way too soon!! Are still teething problems in.....",1,"{'id': 13555053, 'body': 'Wat vervelend om te horen! Als je belt met 0800 – 2727270 helpen we je graag verder!', 'modified': '2020-02-18T10:05:57Z'}",x tried refuel different pump x cash collection BPme succeeds fuel money day back After calling money received back day App released way soon Are still teething problem,negative,0.94,0.05,0.01
44,2020-02-29 11:13:57,burgjaap,False,"Handy, I didn't think so!","According to the app, you have to stay in the car and pay first. Then you get into a barrel, you are €50 poorer and the pump is not released. The app recommends trying again, another €50 poorer and still unable to refuel. There are now three cars waiting for the drivers to wonder what the hell I'm doing. Then only refueled for €50. Turns out there's a note on it that the app isn't working!! Then I had to pay for the refuelling. I assume that I will get the €100 paid through the app refunded, but I will never use this app again!",1,,According app stay car pay first Then get barrel poorer pump released The app recommends trying another poorer still unable refuel There three car waiting driver wonder hell Im Then refueled Turns there note app isnt working Then I pay refuelling I assume I get paid app refunded I never use app,negative,0.84,0.15,0.01
45,2020-03-01 11:25:29,Fast Baller,False,Super handy,I have now used the app 4 times and am very satisfied. No more queuing up to pay. The only thing that can be improved is the time it takes before you can start refueling.,4,,I used app time satisfied No queuing pay The thing improved time take start refueling,positive,0.14,0.18,0.68
46,2020-03-02 16:16:18,Juhu10,False,Easy but...,"Nice this app. I think it's a little cumbersome. Perform many operations before you can finally refuel. Check at home if the overpaid has been refunded. I wonder what goes faster, just pay with an employee or with the app.",4,,Nice app I think little cumbersome Perform many operation finally refuel Check home overpaid refunded I wonder go faster pay employee app,mixed,0.66,0.07,0.27
47,2020-03-02 16:31:12,Surfdude69,False,Scanning debit card not working properly,"Scanning payment cards is not working properly. He does not take my ING pass at all and scans my Open Bank Card, but completely wrong. He also does not take manual input. What a pity",1,"{'id': 14289985, 'body': 'Vervelend om te horen dat het niet lukt om een betaalkaart toe te voegen. Wil je contact opnemen met consumentenservice@bp.com zodat we je verder kunnen helpen?', 'modified': '2020-03-27T15:13:23Z'}",Scanning payment card working properly He take ING pas scan Open Bank Card completely wrong He also take manual input What pity,negative,0.98,0.02,0.0
48,2020-03-04 10:34:53,hupie2,False,Much to improve,Of the 7 times it has failed 4 times ... money written off but not being able to refuel,1,"{'id': 14289398, 'body': 'Beste hupie2, wil je contact opnemen met consumentenservice@bp.com, zodat we je verder kunnen helpen?', 'modified': '2020-03-27T14:38:46Z'}",Of time failed time money written able refuel,negative,1.0,0.0,0.0
49,2020-03-04 20:47:49,Erwtensoep69,False,Motorcyclists are not allowed to participate,"As a motorcyclist, I used BPme for the first time this morning. Only after the transaction did I come across the FAQ in the app for transactions. It states that motorcyclists are not allowed to participate due to safety measures. Whether I refuel with my phone in my pocket and pay afterwards or if I do that in advance at the pump. My phone won't disappear overnight. And that while I often see motorists calling while refueling. Very strange. I saw BPme as a solution if you can't pin at the pump. Now I have to take off my helmet before I can get in. Let's go to Shell. That's where I can pin to the pump. A missed opportunity BP.",1,"{'id': 15388106, 'body': 'Beste Erwtensoep69, goed nieuws: het is nu ook voor motorrijders toegestaan om BPme te gebruiken. We zien je graag binnenkort bij een van onze stations!', 'modified': '2020-05-18T10:18:02Z'}",As motorcyclist I used BPme first time morning Only transaction I come across FAQ app transaction It state motorcyclist allowed participate due safety measure Whether I refuel phone pocket pay afterwards I advance pump My phone wont disappear overnight And I often see motorist calling refueling Very strange I saw BPme solution cant pin pump Now I take helmet I get Lets go Shell Thats I pin pump A missed opportunity BP,negative,0.94,0.06,0.0
50,2020-03-05 19:44:07,Wsdretyhhv,False,super. I like it.,cozy...,5,"{'id': 14289189, 'body': 'Dank voor je mooie beoordeling Wsdretyhhv!', 'modified': '2020-03-27T14:27:53Z'}",cozy,positive,0.01,0.01,0.98
51,2020-03-10 15:39:18,Maakbijnaam.a.a.n,False,useless,"The app can't find locations, even if you're already at the pump. For me as a motorcyclist, the app would be useful because I don't want to go in but just want to pay and get out. As someone else pointed out, it was only to Shell.",1,"{'id': 15388270, 'body': ""Beste Maakbijnaam.a.a.n, goed nieuws: het is nu ook voor motorrijders toegestaan om BPme te gebruiken. Als je in de app de filter aanzet voor 'BPme beschikbaar', zie je welke tankstations deelnemen (inmiddels ruim 85%). We zien je graag binnenkort bij een van onze stations!"", 'modified': '2020-05-18T10:22:10Z'}",The app cant find location even youre already pump For motorcyclist app would useful I dont want go want pay get As someone else pointed Shell,negative,0.71,0.17,0.12
52,2020-03-11 19:29:43,Edjuh1975,False,Not working,"first time I was redirected to the payment site neatly was sent back to the BPme app pump could NOT be released try again, so again tried pump can NOT be released, report in the shop get well the hiccups, NO sir there is nothing wrong, so I refueled and but paid cash I come home what do you think 2x 50€ written off , now just written off the same problem again 50€ and again that the pump is not released, I am done with it. Nice if you are sl tight with cash and have to wait 3 days for your money and no longer have pennies for a 2nd refueling.",1,,first time I redirected payment site neatly sent back BPme app pump could NOT released try tried pump NOT released report shop get well hiccup NO sir nothing wrong I refueled paid cash I come home think x written written problem pump released I done Nice sl tight cash wait day money longer penny nd refueling,mixed,0.51,0.0,0.49
53,2020-03-12 14:23:20,Infinity_61,False,Not working,"Nice try but technically far from fine. A lot of problems with tank release, and transactions. Several times amounts are written off but no fuel. Then very long on hold at customer service. I deleted my account and the app again.",1,"{'id': 14289105, 'body': 'Beste Infinity_61, wil je contact opnemen met consumentenservice@bp.com, zodat we je verder kunnen helpen?', 'modified': '2020-03-27T14:20:59Z'}",Nice try technically far fine A lot problem tank release transaction Several time amount written fuel Then long hold customer service I deleted account app,mixed,0.57,0.17,0.26
54,2020-03-12 16:51:12,Dick Trofniets,False,It's finally working,"After a month of trial and error, the App finally works! Already succeeded 2 times in a row with iDeal!",5,"{'id': 14289085, 'body': 'Dank voor je bericht, fijn om te horen dat het gelukt is Dick!', 'modified': '2020-03-27T14:19:46Z'}",After month trial error App finally work Already succeeded time row iDeal,negative,0.83,0.11,0.06
55,2020-03-13 10:04:20,Jackie Oooh,False,Great handy,"I always use this app now. Refuel and get back on the road soon. Automatic point scoring, ideally just. Top this app!",5,"{'id': 14289037, 'body': 'Fijn om te horen Jackie Oooh!', 'modified': '2020-03-27T14:17:27Z'}",I always use app Refuel get back road soon Automatic point scoring ideally Top app,positive,0.02,0.15,0.83
56,2020-03-18 08:00:56,MKL013,False,0 star scam,"€50 entered for refuelling... You guessed it was a mistake. Had to go into the shop to pay... 3x €50,- road",1,"{'id': 14288698, 'body': 'Beste MKL013, wil je contact opnemen met consumentenservice@bp.com zodat we je verder kunnen helpen?', 'modified': '2020-03-27T14:02:53Z'}",entered refuelling You guessed mistake Had go shop pay x road,negative,0.8,0.16,0.04
57,2020-03-20 09:40:05,jumirojunior,False,Already having trouble installing app?!,"Want to install the app which works somewhat.. after that, I can't enter my password because I couldn't enter it anywhere. After I tried a reset up to 6 times (!) to enter a new password, the app leads me back to the beginning where I come back to the reset!! Very annoying! In short, from the cabinet to the wall! I'm calling and they're not answering!  I've been on the phone for 10 minutes now! Eventually hung up and used my work email so I can finally use the app.. now indicates the app: App launcher: you don't have access to any apps. 😱😱😱🤦🏾 ♂️🤦🏾 ♂️🤦🏾 ♂️🤦🏾 ♂️ what the hell is this!? Never mind BP! Too much headache.. Walk in or Pin at the pump! #leukmaarnietheus",1,"{'id': 14289025, 'body': 'Wat vervelend dat het niet lukte om BPme te installeren. We hopen dat je het toch nogmaals wilt proberen, we voeren continu verbeteringen door. Je kunt ook contact opnemen met consumentenservice@bp.com zodat we je verder kunnen helpen.', 'modified': '2020-03-27T14:16:24Z'}",Want install app work somewhat I cant enter password I couldnt enter anywhere After I tried reset time enter new password app lead back beginning I come back reset Very annoying In short cabinet wall Im calling theyre answering Ive phone minute Eventually hung used work email I finally use app indicates app App launcher dont access apps hell Never mind BP Too much headache Walk Pin pump leukmaarnietheus,mixed,0.8,0.09,0.11
58,2020-03-23 12:47:42,Sukkelszz,False,Doesn't work for a meter,All went well a few times and all more often double pay and can't refuel and drove to other pump,2,"{'id': 14288768, 'body': 'Beste Sukkelszz, wil je contact opnemen met consumentenservice@bp.com zodat we je verder kunnen helpen?', 'modified': '2020-03-27T14:05:15Z'}",All went well time often double pay cant refuel drove pump,negative,0.7,0.02,0.28
59,2020-03-29 22:14:24,Pinoow78,False,finally!,"After a number of startup problems, the app now works fine. The easiest and fastest way to work is to link your credit card or your BP Routex card to the app. Paying via iDeal costs a little more action and therefore time. Freebees are credited, invoice in your mailbox. top!",5,"{'id': 14490968, 'body': 'Fijn om te horen Pinoow78!', 'modified': '2020-04-06T13:48:07Z'}",After number startup problem app work fine The easiest fastest way work link credit card BP Routex card app Paying via iDeal cost little action therefore time Freebees credited invoice mailbox top,mixed,0.3,0.14,0.56
60,2020-03-29 22:19:39,Butt.F,False,Handy app,"Good app from BP!. Unfortunately, not all BP's work yet, but I'm sure that'll be fine 👍🏽",5,"{'id': 14361999, 'body': 'Dank voor je compliment Butt.F, fijn om te horen. En we werken inderdaad hard aan de uitrol over ons volledige netwerk!', 'modified': '2020-03-31T12:17:18Z'}",Good app BP Unfortunately BPs work yet Im sure thatll fine,mixed,0.49,0.0,0.51
61,2020-03-30 04:50:48,Jethro Groenescheij,False,Marig,"App works fine with the BP fuel card. But if you want to refuel with a debit card from the bank linked, it has not gone well once. For business, I use the App. Private no more. Very unfortunate.",4,"{'id': 14432369, 'body': 'Beste Marig, in de nieuwste versie van BPme hebben we enkele bugs verholpen. Wil je  binnenkort nog eens tanken via BPme met je privé betaalpas? Je kunt ook contact opnemen via consumentenservice@bp.com, zodat we je verder kunnen helpen.', 'modified': '2020-04-03T09:12:14Z'}",App work fine BP fuel card But want refuel debit card bank linked gone well For business I use App Private Very unfortunate,mixed,0.66,0.02,0.32
62,2020-04-09 06:31:32,Gesinsu,False,Not for me,"With ideal payment takes a long time, paying in advance, now wait 10 days for a refund that belongs within 1 working day. The call was an error and is made manually but has to go after it yourself. Want to use app once more yesterday for the last free freebees but malfunction. I'll be faster when I pay in the store. The app seems to be especially developed for the credit card holders. In short, nothing for me. Yesterday also indicated at the service, who got it...... in short, no changes",1,"{'id': 14735727, 'body': 'Beste Gesinsu, de achterstand in terugbetalingen is inmiddels verholpen, onze excuses voor het ongemak. Wil je ons via consumentenservice@bp.com laten weten op welke locatie je op 8 april een storing had met BPme? De actie om extra FreeBees te sparen met BPme is overigens verlengd t/m 31 mei 2020. ', 'modified': '2020-04-17T15:00:48Z'}",With ideal payment take long time paying advance wait day refund belongs within working day The call error made manually go Want use app yesterday last free freebee malfunction Ill faster I pay store The app seems especially developed credit card holder In short nothing Yesterday also indicated service got short change,negative,0.91,0.07,0.02
63,2020-04-17 16:12:00,lars314,False,☹️,"Still outage, so far still unable to use the app. Re-installed multiple times makes no difference 😩.",1,"{'id': 15127944, 'body': 'Wat vervelend om te horen Lars! Zou je contact willen opnemen met onze klantenservice (0800 – 2727270 of via consumentenservice@bp.com) en aangeven welke foutmelding je op welk station ontvangt? We lossen het graag voor je op. ', 'modified': '2020-05-06T10:06:48Z'}",Still outage far still unable use app Reinstalled multiple time make difference,negative,0.82,0.17,0.01
64,2020-05-04 11:20:09,tbrhdudbbu,False,Poor service,I've been waiting for the help desk for 4 weeks now. Every week they promise to call back and solve the problem. unfortunately....,1,"{'id': 15127866, 'body': 'Beste tbrhdudbbu, dank voor je bericht, daar gaat iets niet goed. Wil je je klacht svp mailen naar consumentenservice@bp.com? Alvast dank.', 'modified': '2020-05-06T10:04:50Z'}",Ive waiting help desk week Every week promise call back solve problem unfortunately,negative,0.95,0.02,0.03
65,2020-05-08 16:58:40,RodgerBoom,False,worthless,"Lousy app. First write off €50,- and then do not release the pump. And then have the guts to ask if you want to try again... First, make sure you have your affairs in order before collecting any amounts. 24 hours later, no money was returned. The idea is nice, but the performance is a total mockery.",1,"{'id': 15264590, 'body': 'Beste Rodger, wanneer een transactie onverhoopt niet lukt ontvang je binnen twee werkdagen het geld terug op je rekening. Wil je contact opnemen met consumentenservice@bp.com zodat we je verder kunnen helpen?', 'modified': '2020-05-12T09:35:25Z'}",Lousy app First write release pump And gut ask want try First make sure affair order collecting amount hour later money returned The idea nice performance total mockery,negative,0.98,0.02,0.0
66,2020-05-08 19:38:54,Traxxiz,False,Poor service,"App not working (bank error message) As well as other reviews, poor service. Emails are only sent correct e-mail address but get impression that they are not read properly or 1st line does not understand problem. Sent a reproduction scenario several times and it is 100% reproducible. Difficult answer to the questions asked and still not progressed after a month. Wait for answer on last mail, otherwise trash can and never out again.",1,,App working bank error message As well review poor service Emails sent correct email address get impression read properly st line understand problem Sent reproduction scenario several time reproducible Difficult answer question asked still progressed month Wait answer last mail otherwise trash never,negative,1.0,0.0,0.0
67,2020-05-10 12:32:37,Zoefsmurf,False,Not working,"First have to enter your new password 5 times. Then fill in a number of codes and if you can then log in to the app at the end link, the app will crash. Winless, immediately deleted",1,"{'id': 15264739, 'body': 'Beste Zoefsmurf, wat vervelend dat het niet lukte om in te loggen bij BPme. We hopen dat je het toch nogmaals wilt proberen, we voeren continu verbeteringen door. Je kunt ook contact opnemen met consumentenservice@bp.com zodat we je verder kunnen helpen.', 'modified': '2020-05-12T09:39:50Z'}",First enter new password time Then fill number code log app end link app crash Winless immediately deleted,negative,0.97,0.03,0.0
68,2020-05-15 06:45:05,Fonsszzz,False,App not working,"The app is not working properly. I have an IPhone 7 and have now tried the app about 15 times. Of these, only 5 times managed to successfully complete a payment. It always crashes between the switch from the BPme app to the payment app or vice versa. You'll get your money back after a few days. Very disappointing. This app has a lot of value but is now anything but useful.",1,"{'id': 15340700, 'body': 'Beste Fonsszzz, dank voor je melding. We willen dit graag voor je oplossen. Wil je contact opnemen met onze klantenservice (consumentenservice@bp.com) en aangeven waar en wanneer je deze problemen hebt ondervonden? ', 'modified': '2020-05-15T12:14:34Z'}",The app working properly I IPhone tried app time Of time managed successfully complete payment It always crash switch BPme app payment app vice versa Youll get money back day Very disappointing This app lot value anything useful,negative,0.93,0.01,0.06
69,2020-05-20 04:34:48,Jaycepi,False,Easy refueling,"Nice handy possibility, just a shame it takes so long for that tank station to find. Should be able to do faster",3,"{'id': 15494308, 'body': 'Dank voor je feedback Jaycepi!', 'modified': '2020-05-22T14:05:07Z'}",Nice handy possibility shame take long tank station find Should able faster,positive,0.0,0.0,1.0
70,2020-06-03 06:23:20,Rene24/7,False,payment?,"The app works well, only the payment is poorly arranged. A ""fixed"" advance of €150,- must be paid which is immediately taken from the account. (I refuel with the engine max. €25,-). Why not a variable, chooseable, maximum amount? Or better yet, a reservation that will be changed to the actual refueled amount. The average unmanned pump has handled this better. For me, ""once but never again""",2,"{'id': 16163128, 'body': 'Bedankt voor het achterlaten van feedback. Met de iDEAL en de creditcard optie kunt u het bedrag zelf instellen met stapjes van 5 euro. Als u de optie nog niet heeft kunnen vinden, kunt u contact opnemen met onze klantenservice. Fijne dag!', 'modified': '2020-06-23T08:40:56Z'}",The app work well payment poorly arranged A fixed advance must paid immediately taken account I refuel engine max Why variable chooseable maximum amount Or better yet reservation changed actual refueled amount The average unmanned pump handled better For never,negative,0.73,0.18,0.09
71,2020-06-24 22:10:14,CBtje,False,Skinny and weird.,"What I'm missing is more information about FreeBees. Where I can spend them, with a link to those companies' website. Strange: when I click on FreeBees in 'account', I actually get on a dead end. You should end up with actions. Skinny app, open to expansion. So finish it.",2,"{'id': 16336058, 'body': 'Beste CBtje, bedankt voor je feedback. We zijn de app continue aan het verbeteren en uitbreiden en nemen je feedback zeker mee.', 'modified': '2020-07-01T11:34:44Z'}",What Im missing information FreeBees Where I spend link company website Strange I click FreeBees account I actually get dead end You end action Skinny app open expansion So finish,negative,0.85,0.07,0.08
72,2020-07-05 14:46:37,Mewacle,False,Save in the app?,Saving stamps digitally would be nice. Now I miss the savings action by using the app,5,"{'id': 16433983, 'body': 'Beste Mewacle, bedankt voor je feedback. Het is al mogelijk om digitaal FreeBees te sparen met BPme. Je feedback op digitaal sparen voor andere acties nemen we mee!', 'modified': '2020-07-06T12:53:29Z'}",Saving stamp digitally would nice Now I miss saving action using app,mixed,0.5,0.03,0.47
73,2020-07-14 12:22:12,Meotje,True,skillful! But no crediting freebees,"Handy app, you can indicate the amount you want to refuel yourself. Only the app indicates that I have saved freebees, but no freebees are credited unfortunately. While my freebees card is linked. It's too bad about this. In the meantime I have contacted freebees and they have added the points.",3,"{'id': 16583315, 'body': 'Beste Meotje, alleen als je je FreeBees-kaart hebt toegevoegd in de app, kan je FreeBees sparen via BPme. Mocht je vragen of hulp nodig hebben, kan je altijd contact opnemen met onze klantenservice (consumentenservice@bp.com).\n\n', 'modified': '2020-07-13T07:52:46Z'}",Handy app indicate amount want refuel Only app indicates I saved freebee freebee credited unfortunately While freebee card linked Its bad In meantime I contacted freebee added point,mixed,0.68,0.07,0.25
74,2020-07-24 16:32:57,Bert van Donge,False,Not working,Lousy app was able to use it once or twice. Get to see now because of a technical malfunction etc etc. All updates have been processed my software from my phone has the latest version. BP doing something about this,1,"{'id': 16948895, 'body': 'Hoi Bert, bedankt voor je review. We willen je graag verder helpen, maar we hebben wel iets meer informatie nodig. Wil je ons hierom mailen op consumentenservice@bp.com?', 'modified': '2020-07-29T08:13:01Z'}",Lousy app able use twice Get see technical malfunction etc etc All update processed software phone latest version BP something,negative,0.98,0.02,0.0
75,2020-07-27 14:58:59,Liuyan_Kewei,False,App no longer works,Credit card details can no longer be stored. Account must log in again and again. Freebees no longer be linked to BPme. The app is suddenly very defective,1,"{'id': 16957769, 'body': 'Hoi Liuyan, bedankt voor je feedback. We gaan dit nader onderzoeken!\n', 'modified': '2020-07-29T13:57:43Z'}",Credit card detail longer stored Account must log Freebees longer linked BPme The app suddenly defective,negative,0.69,0.29,0.02
76,2020-08-05 16:46:22,Nonya55,True,Impossible to log in,"It looks like I can log in but then I end up in a loop on a screen where you have to agree to changes.  Check both fields, click agree, I will immediately return to the same screen. Very annoying. Got help and now the app works. Very convenient!  Help was good too!. First time app used, seemed to work. Money debited from bank, but not received by BP. So just have to use the atm again. Money back from bank after week. Don't think I'm going to use the App again. I tried anyway, but trouble again. The app does not recognize the login name, or if it does, the system does not recognize the payment, so you have to pay double and then you have to wait for the bank to finally refund you. Crappy app!!!!",1,"{'id': 14288824, 'body': 'Bedankt voor het downloaden van de app en het achterlaten van een comment. Heb je al contact opgenomen met onze klantenservice? -> 0800-2727270 \nDe klantenservice staat voor je klaar om je verder te helpen.', 'modified': '2020-03-27T14:07:09Z'}",It look like I log I end loop screen agree change Check field click agree I immediately return screen Very annoying Got help app work Very convenient Help good First time app used seemed work Money debited bank received BP So use atm Money back bank week Dont think Im going use App I tried anyway trouble The app recognize login name system recognize payment pay double wait bank finally refund Crappy app,mixed,0.66,0.06,0.28
77,2020-09-15 12:23:09,Josblm,False,"Fine, but just not where I tank...","In itself, app works fine, just not at BP station in Oirschot where I usually refuel. The app gives pumps 5 to 12 as available, when in reality you have pumps 1 to 8. Pumps 1 to 4 are therefore not usable with app. Often reported, staff there don't know a solution",3,"{'id': 17925204, 'body': 'Hoi Jos, bedankt voor je feedback. We gaan dit nader onderzoeken!', 'modified': '2020-09-17T06:38:14Z'}",In app work fine BP station Oirschot I usually refuel The app give pump available reality pump Pumps therefore usable app Often reported staff dont know solution,negative,0.97,0.02,0.01
78,2020-09-30 10:20:41,Websania,True,This still doesn't work ok,"I find prepaying a little strange. Why not just settle with a payment like unmanned gas stations work? I don't think I'm going to continue with this app. Now I have started a renewed attempt to use this app in good spirits. After the completed payment I received the message that the chosen pump was not released. Unfortunately, maybe next time....",1,"{'id': 18096964, 'body': 'Je kan met iDeal betalen, maar daarvoor moet je echter naast de pomp staan. Als je alles invoert in de app, dan kan je iDEAL als betaalmethode kiezen en word je automatisch doorverbonden met jouw bank/ iDEAL pagina. Je moet inderdaad vooruit betalen, maar je krijgt het restbedrag teruggestort. ', 'modified': '2020-09-25T10:20:58Z'}",I find prepaying little strange Why settle payment like unmanned gas station work I dont think Im going continue app Now I started renewed attempt use app good spirit After completed payment I received message chosen pump released Unfortunately maybe next time,mixed,0.7,0.11,0.19
79,2020-11-09 22:47:32,Hanneman_,False,"Fast and convenient, refueling and driving away","The app has already been used at BP once or 10 times (along the A73 at Roermond every time) and I have to say .... Never before has refueling been so easy and never waiting at the checkout again this way. App works fine and I keep using it now and hope it keeps going so easy. For the amount you have not refueled, you will have it back in your account within 2 days. And no more printed receipt but everything available digitally. 👍'm going to keep it up.",5,"{'id': 19061086, 'body': 'Dankjewel voor de feedback! Dat horen we graag.', 'modified': '2020-11-12T08:29:45Z'}",The app already used BP time along A Roermond every time I say Never refueling easy never waiting checkout way App work fine I keep using hope keep going easy For amount refueled back account within day And printed receipt everything available digitally going keep,mixed,0.31,0.0,0.69
80,2020-11-10 19:40:04,yornenieh,False,Na update drama,"After yesterday's update, it is impossible to add your freebies card. My password and card number are just right but can't log in in the app and can log on to the internet. Always did, but not anymore.",1,"{'id': 19061109, 'body': 'Bedankt voor de feedback. Dat klinkt niet wenselijk! Heb je al contact opgenomen met onze klantenservice? -> 0800-2727270 De klantenservice staat voor je klaar om je verder te helpen.', 'modified': '2020-11-12T08:31:11Z'}",After yesterday update impossible add freebie card My password card number right cant log app log internet Always anymore,negative,1.0,0.0,0.0
81,2020-11-17 13:53:32,Marina1948582,False,Top app,"Nice way to pay quickly without going into the shop. In addition, also access to all my FreeBees offers!",5,"{'id': 19311725, 'body': 'Dankjewel voor het compliment! ', 'modified': '2020-11-24T07:13:31Z'}",Nice way pay quickly without going shop In addition also access FreeBees offer,mixed,0.24,0.23,0.53
82,2020-12-03 15:27:11,Noicezulu,False,log in,Try logging in for quite some time but nothing works!,1,"{'id': 19782587, 'body': 'Bedankt voor je feedback. We zijn achter de schermen druk bezig om dit op te lossen. Mocht je vragen of hulp nodig hebben, kan je altijd contact opnemen met onze klantenservice (consumentenservice@bp.com).', 'modified': '2020-12-15T14:44:12Z'}",Try logging quite time nothing work,negative,0.98,0.02,0.0
83,2020-12-06 09:30:08,Adviseurtje,False,bad,"The BP me app installed. At 2 gas stations it went well a few times. Not at other BP gas stations. After a while, the app also didn't work at the station where it used to work. You will be notified question pump attendant. These are therefore completely unaware. Indicated by email problem at BP. No response at all. Conclusion lousy app and lousy service.",1,"{'id': 19782601, 'body': 'Bedankt voor je feedback. We zijn achter de schermen druk bezig om dit op te lossen. Mocht je vragen of hulp nodig hebben, kan je altijd contact opnemen met onze klantenservice (consumentenservice@bp.com).', 'modified': '2020-12-15T14:44:42Z'}",The BP app installed At gas station went well time Not BP gas station After app also didnt work station used work You notified question pump attendant These therefore completely unaware Indicated email problem BP No response Conclusion lousy app lousy service,mixed,0.8,0.1,0.1
84,2020-12-12 08:35:24,peterznl,False,Lousy app. Update crashes,"But when you log in, you end up in a loop, for accepting the update. And you can't get out of that. Linking a debit card is not possible, only credit card. And remember, this deprives the gas station owner of a large part of his turnover from the bee products!",1,"{'id': 19782608, 'body': 'Bedankt voor je feedback. We zijn achter de schermen druk bezig om dit op te lossen. Mocht je vragen of hulp nodig hebben, kan je altijd contact opnemen met onze klantenservice (consumentenservice@bp.com).', 'modified': '2020-12-15T14:44:52Z'}",But log end loop accepting update And cant get Linking debit card possible credit card And remember deprives gas station owner large part turnover bee product,neutral,0.14,0.86,0.0
85,2020-12-12 09:51:52,Delvenaar,False,App lingers with new terms,fix it please!!!,3,"{'id': 19782613, 'body': 'Bedankt voor je feedback. We zijn achter de schermen druk bezig om dit op te lossen. Mocht je vragen of hulp nodig hebben, kan je altijd contact opnemen met onze klantenservice (consumentenservice@bp.com).', 'modified': '2020-12-15T14:45:02Z'}",fix please,positive,0.05,0.16,0.79
86,2020-12-12 10:44:20,krijgdepestpleuris,False,conditions??,Nice those new terms that you have to accept but after accepting everything once I think it's enough. Apparently you can't use the app anymore as that rotten screen comes back every time!!!!. Always problems with the BP app.,1,"{'id': 19782617, 'body': 'Bedankt voor je feedback. We zijn achter de schermen druk bezig om dit op te lossen. Mocht je vragen of hulp nodig hebben, kan je altijd contact opnemen met onze klantenservice (consumentenservice@bp.com).', 'modified': '2020-12-15T14:45:15Z'}",Nice new term accept accepting everything I think enough Apparently cant use app anymore rotten screen come back every time Always problem BP app,mixed,0.7,0.05,0.25
87,2020-12-22 22:25:47,jsjdjsjdndj,False,Loading at location is not possible,If I want to refuel I have to enter a pump number only I can't because he's always loading at which gas station I'm at. I hope there will be an update.,3,"{'id': 20184872, 'body': 'Bedankt voor je feedback. We geven dit intern door zodat dit probleem verholpen wordt. Mocht je vragen hebben, mag je altijd contact opnemen met onze klantenservice (consumentenservice@bp.com). Groet, bp.', 'modified': '2021-01-05T08:08:09Z'}",If I want refuel I enter pump number I cant he always loading gas station Im I hope update,mixed,0.28,0.2,0.52
88,2021-01-02 09:12:48,w0ut3r,False,"Good at first, now worthless.","Idea very good, also because of save FreeBees. Initially widely used, now no more. All payments fail. Money is debited (and later refunded) but transaction fails. Even once accused of theft!",1,"{'id': 20184863, 'body': 'Bedankt voor je feedback, Wouter. We geven het intern door zodat we dit probleem verhelpen voor je. Groet, bp.', 'modified': '2021-01-05T08:07:09Z'}",Idea good also save FreeBees Initially widely used All payment fail Money debited later refunded transaction fails Even accused theft,mixed,0.72,0.08,0.2
89,2021-01-20 08:25:14,HJ-Kamphuis,False,Update,Will not work 😂😬 after last update,1,"{'id': 20658685, 'body': 'Bedankt voor je feedback. We geven het intern door zodat we dit probleem verhelpen voor je. Je mag ons ook altijd benaderen via consumentenservice@bp.com. Groet, bp.\n', 'modified': '2021-01-26T12:43:58Z'}",Will work last update,negative,0.86,0.08,0.06
90,2021-02-01 06:00:09,Giybrush,False,Gas station location not found,When is there full coverage?,2,"{'id': 20832672, 'body': 'Bedankt voor je bericht. Mocht je vragen of hulp nodig hebben, kan je altijd contact opnemen met onze klantenservice (consumentenservice@bp.com).', 'modified': '2021-02-03T10:58:16Z'}",When full coverage,neutral,0.0,0.99,0.01
91,2021-02-19 10:57:33,Mfsnts,True,Throw this whole app away,"Just got fined + report against me. I would have refueled without paying in Dec 2020 and drove off. My account shows that money has been written off. Gas station picked it out. They say the money was refunded. Turns out it was returned the next day. The pump was released or I wouldn't have refueled. This app only causes problems. Now solved with owner of where I tank. And the report has been withdrawn. If this app worked properly, this whole hassle wouldn't have had to.",1,"{'id': 20658675, 'body': 'Bedankt voor je feedback. We geven het intern door zodat we dit probleem verhelpen voor je. Je mag ons ook altijd benaderen via consumentenservice@bp.com. Groet, bp.', 'modified': '2021-01-26T12:43:41Z'}",Just got fined report I would refueled without paying Dec drove My account show money written Gas station picked They say money refunded Turns returned next day The pump released I wouldnt refueled This app cause problem Now solved owner I tank And report withdrawn If app worked properly whole hassle wouldnt,negative,0.89,0.1,0.01
92,2021-03-08 19:59:27,Js123498,False,bad,"Worked pretty well at the beginning. Already had several times that he doesn't work. And last time I got money from my account, but tank wasn't unlocked. Wait for my money back.",1,"{'id': 21563181, 'body': 'Bedankt voor de feedback. Dat klinkt niet wenselijk! Heb je al contact opgenomen met onze klantenservice? -> 0800-2727270 De klantenservice staat voor je klaar om je verder te helpen.', 'modified': '2021-03-10T10:52:23Z'}",Worked pretty well beginning Already several time doesnt work And last time I got money account tank wasnt unlocked Wait money back,mixed,0.65,0.02,0.33
93,2021-03-09 21:13:20,Aagerri,False,Not working,"Unfortunately, whatever I do the app doesn't work. When I'm at the gas station, he says I'm not near a gas station. He also indicates that he can't find my freebees card. I hope one day it'll be solved.",1,"{'id': 21608981, 'body': 'Bedankt voor je feedback. We geven dit intern door zodat dit probleem verholpen wordt. Mocht je vragen hebben, mag je altijd contact opnemen met onze klantenservice (consumentenservice@bp.com). Groet, bp.', 'modified': '2021-03-12T09:20:25Z'}",Unfortunately whatever I app doesnt work When Im gas station say Im near gas station He also indicates cant find freebee card I hope one day itll solved,mixed,0.64,0.03,0.33
94,2021-03-15 18:01:11,R&M01,False,App not working,A few months of perfect work now hopeless starts partly up and gets stuck. It's a shame because a lot of Free Bees gone wrong in this way doesn't encourage saving.,2,"{'id': 21704323, 'body': 'Bedankt voor je feedback. We geven dit intern door zodat dit probleem verholpen wordt. Mocht je vragen hebben, mag je altijd contact opnemen met onze klantenservice (consumentenservice@bp.com). Groet, bp.', 'modified': '2021-03-17T10:13:46Z'}",A month perfect work hopeless start partly get stuck Its shame lot Free Bees gone wrong way doesnt encourage saving,negative,1.0,0.0,0.0
95,2021-03-22 15:09:11,M. Risakotta,False,Updating not working,"When I open the app, he indicates that there is an update. You will be redirected to the App Store and there you can only open the app and not download an update.",3,"{'id': 22098269, 'body': 'Bedankt voor je feedback. We zijn achter de schermen druk bezig om dit op te lossen. Mocht je vragen of hulp nodig hebben, kan je altijd contact opnemen met onze klantenservice (consumentenservice@bp.com).', 'modified': '2021-04-07T11:07:26Z'}",When I open app indicates update You redirected App Store open app download update,negative,0.91,0.09,0.0
96,2021-03-22 22:27:03,Okur-Yazar,False,Let yourself down,"yes, you read well. The app chooses the exact time not to work. Actually clever of the app (!) not much to say. Too bad such a big company goes for such an amateurish application.",2,"{'id': 22098278, 'body': 'Bedankt voor je feedback. We zijn achter de schermen druk bezig om dit op te lossen. Mocht je vragen of hulp nodig hebben, kan je altijd contact opnemen met onze klantenservice (consumentenservice@bp.com).', 'modified': '2021-04-07T11:07:47Z'}",yes read well The app chooses exact time work Actually clever app much say Too bad big company go amateurish application,mixed,0.52,0.09,0.39
97,2021-03-23 13:22:48,E Peelen,False,No longer works,"Today after updat, the app stopped opening. Not convenient",1,"{'id': 22098285, 'body': 'Bedankt voor je feedback. We zijn achter de schermen druk bezig om dit op te lossen. Mocht je vragen of hulp nodig hebben, kan je altijd contact opnemen met onze klantenservice (consumentenservice@bp.com).', 'modified': '2021-04-07T11:07:56Z'}",Today updat app stopped opening Not convenient,negative,1.0,0.0,0.0
98,2021-04-07 20:21:00,bouli de sneeuwpop,False,Doesn't do anything anymore.,"Was happy with it at first. Did what it had to do and was handy to be able to pay with. Now the app doesn't do anything anymore. Gets stuck and disappears after a few seconds. Too bad, was quite convenient but now unusable. remote.",1,"{'id': 22239836, 'body': 'Bedankt voor je feedback. We zijn achter de schermen druk bezig om dit op te lossen. Mocht je vragen of hulp nodig hebben, kan je altijd contact opnemen met onze klantenservice (consumentenservice@bp.com).', 'modified': '2021-04-14T11:56:35Z'}",Was happy first Did handy able pay Now app doesnt anything anymore Gets stuck disappears second Too bad quite convenient unusable remote,mixed,0.58,0.02,0.4
99,2021-04-08 11:23:37,xhjeeki,False,Nice idea bad execution or test policy,"In itself a very nice and nice app. That is, if it works. A year ago, a lot of problems with post-payment release. Now get the credit card whining again. Just been able to pay for years. Now the payment has to be made suddenly in bank app or bank website case member, but then that is not possible. Hope that this is resolved and that it should not be made every payment.",1,"{'id': 22239844, 'body': 'Bedankt voor je feedback. We zijn achter de schermen druk bezig om dit op te lossen. Mocht je vragen of hulp nodig hebben, kan je altijd contact opnemen met onze klantenservice (consumentenservice@bp.com).', 'modified': '2021-04-14T11:56:53Z'}",In nice nice app That work A year ago lot problem postpayment release Now get credit card whining Just able pay year Now payment made suddenly bank app bank website case member possible Hope resolved made every payment,mixed,0.65,0.03,0.32
100,2021-06-03 17:02:11,Epit69,False,worthless,"What a lousy app. Card scanning is not possible, both visacard and Rabobank tried. Deleted the app.",2,"{'id': 23235489, 'body': 'Bedankt voor het delen van je feedback. Wat vervelend dat het kaart scannen niet lukt. Wij zullen dit intern doorgeven zodat het gebruik van de app straks beter verloopt. Bedankt en nog een mooie dag gewenst!', 'modified': '2021-06-07T09:32:07Z'}",What lousy app Card scanning possible visacard Rabobank tried Deleted app,negative,0.99,0.01,0.0
101,2021-06-07 16:16:14,..jgjv..,True,BP shop won't accept app,"A lot of advertising lately to pay with freebees. The barcode in the app is refused in the shop and can only be done with a physical freebees pass. What is the point of the freebees functionality in the app?. ———————-. Edit: it concerns the BP op 't Harde (8084HD 105). I'd rather pay with the app than in this store. Also in my story above Freebees pas had been scanned several times, but I could not pay with it. Afterwards I saw that I had also not received Freebees points (poor service). If this suggestion comes, I would like to increase my rating to 4 or 5 points: make it possible that you can only use the Freebees as a payment method in the app. You could implement it that the desired amount should be the minimum number of points. E.g. if I want to refuel for 40 euros, there must be at least 4000 points on the map.",3,"{'id': 23235446, 'body': 'Bedankt voor het delen van jouw feedback! Dit is wel degelijk mogelijk. Zou u ons de naam van het tankstation kunnen geven? Dan nemen wij intern contact met ze op. Bedankt nogmaals en nog een fijne dag!', 'modified': '2021-06-07T09:30:57Z'}",A lot advertising lately pay freebee The barcode app refused shop done physical freebee pas What point freebee functionality app Edit concern BP op Harde HD Id rather pay app store Also story Freebees pa scanned several time I could pay Afterwards I saw I also received Freebees point poor service If suggestion come I would like increase rating point make possible use Freebees payment method app You could implement desired amount minimum number point Eg I want refuel euro must least point map,negative,0.82,0.17,0.01
102,2021-06-10 13:38:43,gamerSJS,False,Extremely unreliable,This app has great intentions unfortunately it is highly unreliable I use my business tank card and I can hardly ever use the app at various stations! When I call ‘zakelijk contact’ they have absolutely no clue of what is going on. Please work on the reliability of this app havent been able to use in the past two weeks and I’m getting to the point of moving over to another tank card where i can make full use of the services they advertise!,1,"{'id': 23432612, 'body': 'Thank you for your feedback. This will help us to develop the app even better. We are working on a solution for this problem. Again, thank you! We wish you a lovely day. ', 'modified': '2021-06-17T06:41:35Z'}",This app great intention unfortunately highly unreliable I use business tank card I hardly ever use app various station When I call zakelijk contact absolutely clue going Please work reliability app havent able use past two week Im getting point moving another tank card make full use service advertise,negative,0.89,0.0,0.11
