,date,isEdited,userName,rating,developerResponse,title,review
0,2019-10-08 06:07:22,False,Ferdi_in_Utrecht,5,,Snel weer door,Ideaal! Tanken en erna gelijk weer door. Mooie app en ook Freebees worden bijgehouden.
1,2019-10-29 12:01:57,False,Martin2408,5,,Supersnel tanken,"Bij BP Slagboom in Amsterdam geprobeerd, werkte erg goed! In de app kun je vinden op welke stations het al actief is. Helemaal handig dat je je BP Tankpas ook kunt koppelen."
2,2019-11-13 14:22:34,False,perikles1995,1,"{'id': 11908464, 'body': 'Beste Perikles1995, wat vervelend dat BPme niet werkt bij BP Helvoirt. We zullen dit onderzoeken en zorgen dat de app zo snel mogelijk net zo goed werkt als op onze andere stations! ', 'modified': '2019-11-18T13:16:23Z'}",Waardeloos,"Geprobeerd met BP Helvoirt en ondanks communicatie op voorterein, wordt door medewerker vertelt dat App niet werkt. Geen details en geen verdere info. Ga voortaan naar de overkant bij Esso. Daar werkt de Esso app tenminste prima."
3,2019-11-26 13:18:02,False,Wubby39,1,"{'id': 12293723, 'body': 'Beste Wubby39, bedankt voor je melding. We hebben deze bug direct gefixt in de laatste versie 1.62.2', 'modified': '2019-12-09T13:19:36Z'}",Kan een MasterCard niet toevoegen,"App ziet er mooi uit, nu nog testen… echter kan ik mijn MasterCard niet toevoegen omdat deze alleen via de app toegevoegd kan worden en ik de melding krijg voor de cookies instelling van mijn iPhone??
Dus dan maar niet de app gebruiken en gewoon betalen aan de kassa, heb je misschien ook nog een leuk gesprek😉."
4,2019-12-01 20:44:20,False,#typ een bijnaam,5,,Super simpel,"Vandaag voor het eerst geprobeerd op N57. Beetje onwennig nog maar werkt prima. Ik gebruik de app in combi met de BP tank card + freebees. Was ook voor pomp medewerker eerste keer dus we hebben even samen gekeken, bleek achteraf niet nodig te zijn."
5,2019-12-29 14:54:08,False,Oroblrambur104,5,"{'id': 12774191, 'body': 'Bij het menu ""account"" (rechtsonder) kun je alle BPme transacties van je account terug vinden! ', 'modified': '2020-01-07T15:17:45Z'}",Transactie historie,Het zou fijn zijn als je je transactie historie kan zien zoals in het browser variant van Bp.
6,2020-02-01 21:12:20,False,Merga,2,"{'id': 13261267, 'body': 'Beste Merga, vooralsnog ondersteunt deze app van BP alleen de BP Tankpas van BP en uiteraard alle andere consumenten betaalmethoden zoals iDEAL en credit cards. Wij onderzoeken de mogelijkheden om ook de MTC toe te voegen in de toekomst. ', 'modified': '2020-02-03T10:18:00Z'}",MTc,Ik mis de mogelijkheid om mijn Multi Tank card toe te voegen. Komt dit nog?
7,2020-02-03 16:05:37,True,DeVisdude,3,"{'id': 13261329, 'body': 'In de transactie historie (in het menu account) kun je al je BPme transacties terug vinden incl. FreeBees informatie. Bij het menu ""acties"" kun je je FreeBees-saldo en actuele aanbiedingen terug vinden. Voor een overzicht van alle FreeBees-transacties (incl. niet BPme transacties) kun je inloggen op www.freebees.nl ', 'modified': '2020-02-03T10:20:08Z'}",Freebees transancties overzicht,Ik mis een overzicht van ALLE Freebees transancties in de app
8,2020-02-03 18:29:48,False,Aquagenius,2,"{'id': 13308647, 'body': 'Vooralsnog ondersteunt deze app van BP alleen de BP Tankpas van BP en uiteraard alle andere consumenten betaalmethoden zoals iDEAL en credit cards. Wij onderzoeken de mogelijkheden om ook andere tankpassen toe te voegen in de toekomst.', 'modified': '2020-02-05T12:10:22Z'}",Alleen voor particulieren,Juist als ondernemer tank ik veel. Kan mijn tankpas van de lease maatschappij niet toevoegen....echt een misser.
9,2020-02-03 19:41:48,False,vzvxvbsjdhzjnsjjz,2,"{'id': 13308663, 'body': 'Als je belt met 0800 – 2727270 helpen we je graag verder!', 'modified': '2020-02-05T12:11:08Z'}",Kan niet inloggen,"Wanneer ik inlog, email en wachtwoord ingevuld. Kom ik weer uit op het scherm met registreren en inloggen..."
10,2020-02-03 21:12:09,False,WilliamsNL,1,"{'id': 13308686, 'body': 'Bekijk onze overzichtelijke instructievideo op:  https://www.bp.com/nl_nl/netherlands/home/producten-en-services/bpme/bpme-voor-ios.html Mocht het dan alsnog niet lukken kun je altijd contact opnemen met onze klantenservice, zij helpen je graag verder! ', 'modified': '2020-02-05T12:12:37Z'}",Inloggen? Onmogelijk,"Na 3 wachtwoordresets, het onmogelijk maken van een wachtwoordmanager en het niet kunnen gebruiken van speciale tekens en 7 inlog-pogingen het opgegeven.

Voor verbetering vatbaar."
11,2020-02-04 14:24:02,False,Mbe88,2,"{'id': 13308689, 'body': 'Vooralsnog ondersteunt deze app van BP alleen de BP Tankpas van BP en uiteraard alle andere consumenten betaalmethoden zoals iDEAL en credit cards. Wij onderzoeken de mogelijkheden om ook andere tankpassen toe te voegen in de toekomst.', 'modified': '2020-02-05T12:12:54Z'}",Mist functionaliteit,"Leuk maar totaal nutteloos voor de zakelijke rijder, aangezien er geen optie is om een multi tank card toe te voegen."
12,2020-02-04 20:19:40,False,Yygsg.325,1,"{'id': 13308691, 'body': 'Vooralsnog ondersteunt deze app van BP alleen de BP Tankpas van BP en uiteraard alle andere consumenten betaalmethoden zoals iDEAL en credit cards. Wij onderzoeken de mogelijkheden om ook andere tankpassen toe te voegen in de toekomst.', 'modified': '2020-02-05T12:13:01Z'}",Multitankcard,Helaas geen Multitankcard mogelijk. Dan loop je een hoop lease rijders mis... 🤷🏽‍♂️
13,2020-02-04 21:40:20,False,Buis83,2,"{'id': 13308694, 'body': 'Bedankt voor je reactie, we nemen deze feedback zeker mee! ', 'modified': '2020-02-05T12:13:24Z'}","Niet interessant voor leaserijders, gemiste kans","App ziet er prima uit alleen begrijp niet dat men bij de ontwikkeling niet direct alle tankpassen hebben meegenomen. Blijft vreemd dat je bij de balie wel klan betalen met een MTC maar het toevoegen in de app van dit soort betaalpassen op de lange baan wordt geschoven. Gemiste kans waardoor je ook kunt fluiten naar de extra te sparen actie freebees. 

Prima app voor particulieren denk ik."
14,2020-02-05 00:44:27,False,melkkoe63,1,"{'id': 13308715, 'body': 'Op ruim 85% van alle bemande BP stations is BPme beschikbaar. In de app kun je gemakkelijk en snel zien welke stations deelnemen! ', 'modified': '2020-02-05T12:14:11Z'}",Kansloos,"Leuk om de app te promoten, zeker met 1000 extra freebees. Dat wil ik wel!
Wat er niet bij wordt gezegd is dat het merendeel van de BP stations niet meedoet met de app! 
Het werkt dus niet, en tegen de tijd dat ik hier in de buurt misschien kan meedoen is die freebees actie alweer afgelopen. 
Bedankt BP, ik haal die 1500 liter ultimate 98 per jaar voortaan wel elders. Scheelt me ook nog eens 5 cent per liter. 
Klinkt stom maar dit is de zoveelste keer dat BP me teleur stelt.."
15,2020-02-05 12:28:57,False,Toramanli,1,"{'id': 13398076, 'body': 'Helaas hebben wij op 5 februari een korte wereldwijde storing gehad, inmiddels kun je weer inloggen en gebruik maken van BPme! ', 'modified': '2020-02-10T12:49:11Z'}",Slecht werkende app.,"Wat een slecht functionerende app, geeft veel fouten aan."
16,2020-02-05 13:29:11,False,KvMidde,2,"{'id': 13315829, 'body': 'Helaas hebben wij vandaag een technische storing gehad, deze is inmiddels verholpen', 'modified': '2020-02-05T19:01:10Z'}",Inloggen niet mogelijk,"Kan in de app niet inloggen, na het invoeren van mijn wachtwoord kom ik weer terug op het startscherm. 
Daarnaast erg jammer dat je met een travel card tankpas niet kan betalen, schiet ik er alsnog weinig mee op."
17,2020-02-05 16:22:05,False,GianguiG,1,"{'id': 13398075, 'body': 'Helaas hebben wij op 5 februari een korte wereldwijde storing gehad, inmiddels kun je weer inloggen en gebruik maken van BPme! ', 'modified': '2020-02-10T12:49:05Z'}",Very bad,Incredible. Commercials all over the places to use the App and then you can not even log in. Very weird
18,2020-02-05 16:53:34,False,BirdyLV,1,,Inloggen onmogelijk,"Na 3 pogingen tevergeefse inlog pogingen, incl. nieuw wachtwoord aangemaakt, ben ik er mee gestopt. Inloggen in de app niet mogelijk."
19,2020-02-05 17:43:08,False,snekdnem🔪,1,,Waardeloos,In de basis de app van mijn dromen. Precies wat ik zocht. Echter inloggen onmogelijk. Komt steeds weer terug op inlogscherm😓
20,2020-02-05 17:55:45,False,X-bolla,1,"{'id': 13398054, 'body': 'Je kunt je registreren met mailadres en wachtwoord, als je voor de eerste keer inlogt kun je een 4-cijferige inlogcode kiezen of gebruik maken van je vingerafdruk. Kijk voor meer informatie op: https://www.bp.com/nl_nl/netherlands/home/producten-en-services/bpme/bpme-voor-ios.html', 'modified': '2020-02-10T12:48:23Z'}",Hmmm,"Vol enthousiasme de app gedownload. Is voor mij als mindervalide best handig, scheelt wandeling naar de shop/kassa. 
App geïnstalleerd, na 3 pogingen om account aan te maken eindelijk gelukt. 
Vervolgens kom ik er niet meer in. Na invullen inloggegevens krijg ik direct weer inlogscherm. 
Na verschillende keren proberen app eraf. Opnieuw erop. Inloggen. Zelfde probleem. Misschien toch te snel aan klanten aangeboden...?
Overigens is iedere keer inlog volledig invullen heel irritant. Er zijn plenty apps waar je met inlogcode of vingerafdruk kan inloggen, wel zo makkelijk... (als het wel kan, mijn vergissing maar ik kom er zoals gezegd niet in...🤯)"
21,2020-02-05 18:00:27,False,Voor met Nas,2,"{'id': 13398023, 'body': 'Vervelend om te horen, we helpen je graag op weg! https://www.bp.com/nl_nl/netherlands/home/producten-en-services/bpme/bpme-voor-ios.html ', 'modified': '2020-02-10T12:47:26Z'}",Niet in te loggen,Registratie en inloggen heel onduidelijk. Het lijkt dat leestekens niet toegestaan zijn. Inloggen in de app resulteert in terugkeren naar beginscherm. Ik blijf in een loop zitten.
22,2020-02-05 21:10:47,False,GAWSneakerz,5,"{'id': 13398006, 'body': 'Goed om te horen, app aan, tanken en gaan! ', 'modified': '2020-02-10T12:46:51Z'}",Ideaal voor de particulier,"Ik schrijf nooit reviews, maar deze app maakt het tanken echt stukken beter. Creditcard er aan hangen en gaan met die banaan!"
23,2020-02-06 17:16:04,False,AyrtonYesse,1,"{'id': 13397982, 'body': 'Wat vervelend om te horen dat de betaling niet goed is verlopen, het geld wordt uiteraard automatisch teruggestort. Bij vragen kun je altijd even contact opnemen met: 0800 – 2727270', 'modified': '2020-02-10T12:45:53Z'}",Niet goed werkende app,"Vanmorgen gebruikt en dubbel betaald. In eerste instantie werkte de pomp nummers niet. Hij gaf bij pomp in Oirschot op dat ik bij pompnummers 5 T/M 10 kon tanken, in werkelijkheid hebben we pomp 1 T/M 8. Daarna bij pomp 5 getankt en betaald. Nog even snack gehaald en toen bleek dat het tanken niet betaald was naar de kassa en wel was afgeschreven van mijn rekening. Ook geen mail gehad en op de app staat ook niks.
Idee was goed, jammer dat het niet werkt."
24,2020-02-06 19:05:27,False,valentijnll,1,"{'id': 14491079, 'body': 'Beste valentijnII, BPme werkt ook op de iPhone 6s hoor! Zou je het nog eens willen proberen, met onze nieuwste update?', 'modified': '2020-04-06T13:50:52Z'}",Werkt helaas niet op iPhone 6s,Helaas werkt deze app niet op de iPhone 6s.
25,2020-02-08 18:51:23,False,Fidopup,1,"{'id': 13397955, 'body': 'We horen graag bij welk station je deze problemen hebt ondervonden? In het menu ""stations"" zie je alle deelnemende stations en in het menu ""tanken""  herkent de app normaal gesproken automatisch op welk station je bent. Wij zijn te bereiken op: 0800 – 2727270', 'modified': '2020-02-10T12:44:46Z'}",Kan geen tankstation vinden,"Geïnstalleerd, locatievoorzieningen staan aan, ook voor deze app, maar de app kan geen enkele BP benzine station vinden, al sta je ernaast... wat heb je hier dan aan??"
26,2020-02-09 09:38:35,False,Hend 5,1,"{'id': 13397916, 'body': 'Je kunt een credit card scannen of de cijfers handmatig toevoegen. Van iDEAL kun je uiteraard direct gebruik maken! ', 'modified': '2020-02-10T12:43:42Z'}",Scannen betaalpas,Het scannen van se betaalpas lukt niet.
27,2020-02-10 13:08:53,True,dvxxxxxx78,5,"{'id': 13315848, 'body': 'In het menu ""acties"" kun je je FreeBees-saldo vinden en bij ""account"" als je BPme transacties incl. gespaarde FreeBees. Voor alle FreeBees-transacties, ook die buiten BPme om, moet je inderdaad inloggen op freebees.nl. Bedankt voor je feedback! ', 'modified': '2020-02-05T19:03:20Z'}",Even wennen maar werkt prima,"Het is de eerste keer even wennen maar daarna werkt het prima. 

Standaard betaal je in eerste instantie 150 euro, het teveel betaalde bedrag stond de volgende dag alweer op mijn rekening. Dit bedrag kan je echter aanpassen en de keer erna heb ik het bedrag verlaagd. 

Als suggestie voor een nieuwe versie: ik zou graag een overzicht van mijn gespaarde Freebees willen zien, of evt een link naar mijn account op de Freebees website, dat is een stuk gebruiksvriendelijker.

Aanvulling nav reactie ontwikkelaar:
ik begrijp hoe het werkt, het is meer dat een volledige synchronisatie of integratie van de Freebees in BPMe het nog een stukje duidelijker zou maken. Zo kan ik zien of bijv de verwerking van bonussen voor extra Freebees ook goed verwerkt worden. Voor mij als klant is één app per bedrijf waar ik klant ben, voldoende."
28,2020-02-11 05:43:42,False,Nico Brandsen,1,"{'id': 13742305, 'body': 'Bedankt voor het downloaden van de App en dat je eerder al contact hebt opgenomen met de klantenservice. Er zijn geen technische problemen met inloggen bekend bij ons, je kunt er altijd nog voor kiezen ter verduidelijking print screens te mailen naar-> consumentenservice@bp.com', 'modified': '2020-02-27T14:48:17Z'}",Inloggen lukt niet,Na meerdere keren telefonisch contact te hebben gehad lukt het inloggen nog steeds niet. Blijkbaar weet men bij BP ook niet hoe de App werkt. Jammer hoor.
29,2020-02-11 13:34:10,False,pharmalogics,1,"{'id': 13742464, 'body': 'Bedankt voor het downloaden van de App en het posten van een comment. Jammer dat het niet lukte een transactie te verrichten. Schroom niet contact op te nemen met de klantenservice -> 0800-2727270', 'modified': '2020-02-27T14:57:13Z'}",Foutmelding: pomp kan niet vrijgegeven worden,Na de betaling heb ik de melding gekregen dat de pomp niet vrijgegeven kan worden. Ik moest alsnog de winkel binnenlopen om ook daar te betalen. Dit is mij 2 keer overkomen. Ik hoop dat dit issue zo snel mogelijk wordt opgelost
30,2020-02-11 14:49:44,True,zaka165,4,"{'id': 13308669, 'body': 'Als je belt met 0800 – 2727270 helpen we je graag verder!', 'modified': '2020-02-05T12:11:27Z'}",App werkt,"App onstabiel, knoppen werken niet

Update; was storing. App werkt"
31,2020-02-12 06:59:11,False,Tessa'71,1,"{'id': 13554983, 'body': 'Hoi Tessa, je kunt kiezen voor een volle tank wat 150 euro is maar je kunt er ook voor kiezen om dit uit te zetten en zelf je bedrag bepalen', 'modified': '2020-02-18T10:03:33Z'}",Niet zelf een bedrag kunnen bepalen,"In de voorwaarden staat dat je zelf een bedrag kunt bepalen om te tanken maar dat is niet zo. Ik kon alleen maar tanken voor 150,-  nu weet ik dat ik dat terug krijg maar vind 150,- wel heel erg veel om in te zetten."
32,2020-02-13 20:43:47,False,Dennis _NL,1,"{'id': 13555010, 'body': 'Sad to hear, we are happy to help you! Please contact us via 0800 – 2727270 ', 'modified': '2020-02-18T10:04:23Z'}",Worthless development effort,"What a waste of digital space. 
Starts with impossible registration process with a not correct responding app. 
I gave up and deleted."
33,2020-02-14 02:16:50,False,toverniesl,1,"{'id': 13555047, 'body': 'Het wachtwoord moet uit minimaal 8 tekens bestaan waarvan 1 hoofdletter, 1 kleine letter, 1 cijfer en 1 speciaal teken. Als je belt met 0800 – 2727270 helpen we je graag verder!', 'modified': '2020-02-18T10:05:39Z'}",Registeren lukt niet,Je moet een heel lang wachtwoord hebben maar na 6x proberen is het nog steeds niet gelukt. Slecht.
34,2020-02-16 14:15:02,False,Willem vd L,5,"{'id': 13555071, 'body': 'Bedankt Willem! ', 'modified': '2020-02-18T10:06:55Z'}",Snel!!,Heerlijk snel en makkelijk!! Zonder cash of wat dan ook. Een uitkomst hoor!👍
35,2020-02-16 16:10:09,False,Appspoor,5,"{'id': 13555090, 'body': 'BPme, de makkelijkste manier om voor brandstof te betalen! :) ', 'modified': '2020-02-18T10:07:38Z'}",Super,"Werk ideaal, creditcard in scannen dan kun een volle tank aanklikken."
36,2020-02-17 12:43:54,False,rhimaR72,2,"{'id': 14288885, 'body': 'De aanbieding van 10euro extra FreeBees is nog geldig tot en met 12 mei en deze FreeBees ontvang je automatisch als je met BPme hebt betaald. Misgelopen FreeBees worden vergoed via de FreeBees-klantenservice. \n\nBedankt voor je tip omtrent het sluiten van de app! ', 'modified': '2020-03-27T14:09:49Z'}",Jammer,"Hallo, 

2 puntjes

1e door het niet werken van het systeem ben ik mooi mijn bonus mis gelopen van 10 euro welkom. Heb steeds met de pas moeten betalen ipv met de app. Vandaag eindelijk een pomp gehad die werkte maar de aanbieding was natuurlijk al weg

2e maak aub een knop om de app te sluiten. Ik heb hem op Apple staan en moet nu via openstaande apps de app sluiten. Handiger zou zijn om ergens een X te plaatsen.

Groetjes"
37,2020-02-19 17:19:46,False,Daphne S.,1,"{'id': 13669950, 'body': 'Hoi Daphne, vervelend dat je problemen met iDEAL hebt ondervonden. Deze zijn inmiddels verholpen! ', 'modified': '2020-02-24T14:22:41Z'}","IDeal werkt niet, dat zie je pas als het geld eraf is","Wat een waardeloze app. Voor het eerst gebruikt met IDeal, na het inloggen bij mijn bank app verschijnt er van BP een pop-up dat er iets fout gegaan is en er geen geld afgeschreven is. Vervolgens dus nog een keer geprobeer en zelfde melding. Apart ingelogd op mijn bank app en mooi dus dat het geld er 2 x afgeschreven is. En ik kon nog eens afrekenen omdat ik nog niet getankt had dus al met al drie x zoveel geld uitgegeven voor 1 tank. Klantenservice BP gebeld, die beaamde dat er problemen met iDeal zijn. Lanceer die app dan nog niet!!"
38,2020-02-20 21:29:46,False,Beek1960,3,"{'id': 13669990, 'body': 'Hoi! Als je met een creditcard wilt betalen kun je voor een volle tank kiezen. Wil je met iDEAL betalen dan vragen we je het bedrag te kiezen met een maximum van 150euro, dit moet genoeg zijn voor een volle tank! ', 'modified': '2020-02-24T14:24:13Z'}",Van tevoren bedrag invullen ?,"Goed initiatief.
Maar .... van tevoren aantikken voor hoeveel je wilt tanken is niet handig.
Ik tank altijd een volle tank."
39,2020-02-21 10:49:18,False,DigiBeet1999,1,"{'id': 14288871, 'body': 'Beste Digibeet1999, wat vervelend dat het proces verstoord is geraakt. Met BPme betaal je (een zelf gekozen maximaal bedrag) vooruit, waarna het restant binnen 48u wordt teruggestort. Ditzelfde geldt voor transacties die zijn verstoord door bijv. een falende internetverbinding. Als je verder met ons in contact wilt komen kun je altijd contact opnemen via: consumentenservice@bp.com', 'modified': '2020-03-27T14:09:01Z'}",Weer ontechtmatig geld genomen,"Vandaag wederom geprobeerd om met de app te betalen. Vorige keer €150 onterrecht van mn rekening genomen door bp. Nu weer, 10€ geprobeerd als testje BP Kerkhof in Den Haag. Geld van mn rekening gehaald door BP maar de pomp werd niet vrijgegeven. Shop manager had een vaag verhaal over reservering en dan de schuld bij ABNAmro ligt en niet bi Bp. Jaja onzin BP het is jullie app!!!! En mijn geld. Stomme app!! Nu gooi ik hem er echt af!"
40,2020-02-22 14:57:45,False,Bramd89,1,"{'id': 13670008, 'body': 'Wat vervelend om te horen dat je problemen hebt ervaren Bram! Het geld wordt automatisch binnen 48uur teruggestort. Excuses voor het ongemak. ', 'modified': '2020-02-24T14:24:50Z'}",Schandalig slecht,"Zojuist dubbel moeten afrekenen omdat de app niet werkte, maar me wel vooraf 100 euro liet betalen. De developers zouden zich moeten schamen voor zo’n waardeloze app. Die ene ster nog niet waard."
41,2020-02-22 23:42:19,False,Denn38,2,"{'id': 13670019, 'body': 'Wat vervelend dat je geen pomp kan selecteren. Zou je contact op willen nemen met de klantenservice (0800 – 2727270) en aangeven welk station het betreft? Dan zorgen wij ervoor dat het zo spoedig mogelijk wordt opgelost. ', 'modified': '2020-02-24T14:25:32Z'}",Locatie,"Ik dacht ik ga de app proberen, leuk concept maar de locatie werkt bij mij niet helemaal 100% als ik aan de pomp sta kan de app niet aangeven dat ik een pomp nummer kan kiezen of dat ik überhaupt bij een pomp sta terwijl ik dit wel kan zien in de aangegeven map
Kan dit worden gefixt anders is die app een beetje zinloos🤷🏼‍♂️"
42,2020-02-24 10:36:11,False,e-Ric Ii,2,"{'id': 13670127, 'body': 'Helaas is er vandaag een netwerk storing geweest, alle problemen zijn inmiddels opgelost. We hopen dat je nog vaak van BPme gebruik zult maken. ', 'modified': '2020-02-24T14:30:01Z'}",1e gebruik teleurstellend.,App laat keurig zien bij welk station ik sta. Dus ik kies optie ‘pompnummer’. Krijg ik de melding ‘technisch probleem’ met de aansporing ‘probeer opnieuw’. Afijn; paar keer vruchteloos geprobeerd en toen bleek bij navraag in de kiosk dat de app daar nog helemaal niet werkt. Meld dat dan; i.p.v. steeds herhalen “probeer opnieuw”...🤬
43,2020-02-24 14:48:21,True,..Mark,1,"{'id': 13555053, 'body': 'Wat vervelend om te horen! Als je belt met 0800 – 2727270 helpen we je graag verder!', 'modified': '2020-02-18T10:05:57Z'}","Knudde, app veel te vroeg uitgebracht","2 x mee gepoogd te tanken bij 2 verschillende pompen, 3x geld innen door BPme lukt, maar geen brandstof, geld na 3 dagen nog niet terug......
Na bellen geld teruggekregen na 6 en 4 dagen.
App veel te snel gereleased !! Zitten nog kinderziektes in....."
44,2020-02-29 11:13:57,False,burgjaap,1,,"Handig, ik dacht het niet!","Volgens de app moet je in de auto blijven zitten en eerst betalen. Vervolgens raak je in een loop, ben je €50 armer en wordt de pomp niet vrijgegeven. De app adviseert het nogmaals te proberen, weer €50 armer en nog steeds niet kunnen tanken. Inmiddels staan er drie auto’s te wachten waarvan de bestuurders zich afvragen waarmee ik in godsnaam bezig ben. Toen zelf maar voor €50 getankt. Blijkt er een briefje op te hangen dat de app niet werkt!! Vervolgens moest ik de tankbeurt ook nog afrekenen. Ik ga ervan uit dat ik de via de app betaalde €100 teruggestort krijg, maar deze app ga ik nooit meer gebruiken!"
45,2020-03-01 11:25:29,False,Fast Baller,4,,Super handig,Ik heb de app nu 4 keer gebruikt en ben zeer tevreden. Niet meer in de rij staan om af te rekenen. Enige wat verbeterd kan worden is de tijd dat het duurt voordat je kunt beginnen met tanken.
46,2020-03-02 16:16:18,False,Juhu10,4,,Makkelijk maar...,"Fijn deze app. Ik vind het wel wat omslachtig. Veel handelingen uitvoeren, voordat je uiteindelijk kunt tanken. Thuis checken of het teveel betaalde teruggestort is. Ik vraag mij af wat sneller gaat, gewoon afrekenen bij een medewerker of met de app."
47,2020-03-02 16:31:12,False,Surfdude69,1,"{'id': 14289985, 'body': 'Vervelend om te horen dat het niet lukt om een betaalkaart toe te voegen. Wil je contact opnemen met consumentenservice@bp.com zodat we je verder kunnen helpen?', 'modified': '2020-03-27T15:13:23Z'}",Betaalkaart scannen werkt niet goed,"Het scannen van betaalkaarten lukt niet goed. Mijn ING pas pakt hij helemaal niet en mijn Open Bankpas scant hij wel, maar helemaal verkeerd. Ook handmatige invoer pakt hij niet. Jammer"
48,2020-03-04 10:34:53,False,hupie2,1,"{'id': 14289398, 'body': 'Beste hupie2, wil je contact opnemen met consumentenservice@bp.com, zodat we je verder kunnen helpen?', 'modified': '2020-03-27T14:38:46Z'}",Nog veel te verbeteren,Van de 7 keer is het 4x mislukt ... wel geld afgeschreven maar niet kunnen tanken
49,2020-03-04 20:47:49,False,Erwtensoep69,1,"{'id': 15388106, 'body': 'Beste Erwtensoep69, goed nieuws: het is nu ook voor motorrijders toegestaan om BPme te gebruiken. We zien je graag binnenkort bij een van onze stations!', 'modified': '2020-05-18T10:18:02Z'}",Motorrijders mogen niet meedoen,Als motorrijder heb ik vanmorgen BPme voor het eerst gebruikt. Pas na de transactie kwam ik in de app bij transacties de FAQ tegen. Daarin staat dat motorrijders niet mee mogen doe vanwege veiligheidsmaatregelen. Of ik nu tank met mijn telefoon in mijn zak en achteraf betaal of dat ik dat vooraf bij de pomp doe. Mijn telefoon is dan niet ineens verdwenen. En dat terwijl ik vaak automobilisten zie bellen tijdens het tanken. Erg vreemd. Ik zag BPme als oplossing als je niet bij de pomp kan pinnen. Nu moet ik mijn helm afzetten voordat ik naar binnen kan. Dan maar naar Shell. Daar kan ik pinnen aan de pomp. Een gemiste kans BP.
50,2020-03-05 19:44:07,False,Wsdretyhhv,5,"{'id': 14289189, 'body': 'Dank voor je mooie beoordeling Wsdretyhhv!', 'modified': '2020-03-27T14:27:53Z'}",Super. Ik vind het leuk.,Gezellig...
51,2020-03-10 15:39:18,False,Maakbijnaam.a.a.n,1,"{'id': 15388270, 'body': ""Beste Maakbijnaam.a.a.n, goed nieuws: het is nu ook voor motorrijders toegestaan om BPme te gebruiken. Als je in de app de filter aanzet voor 'BPme beschikbaar', zie je welke tankstations deelnemen (inmiddels ruim 85%). We zien je graag binnenkort bij een van onze stations!"", 'modified': '2020-05-18T10:22:10Z'}",Onbruikbaar,"De app kan geen locaties vinden, zelfs niet als je aan de pomp al staat. Voor mij als motorrijder zou de app handig zijn omdat ik niet naar binnen wil maar gewoon wil betalen en wegwezen. Zoals iemand anders aangaf inderdaad maar naar Shell."
52,2020-03-11 19:29:43,False,Edjuh1975,1,,Werkt niet,"eerste keer werd ik naar de betaalsite doorgesluisd netjes werd terug gestuurd naar de BPme app pomp kon NIET worden vrijgegeven probeer het nogmaals, dus nogmaals geprobeerd pomp kan NIET worden vrijgeven, meld u in de shop krijg nou de hik, NEE meneer er is niets aan de hand, dus ik getankt en maar cash betaald kom ik thuis wat denk je 2x 50€ afgeschreven, nu net weer het zelfde probleem weer 50€ afgeschreven en weer dat de pomp niet word vrijgegeven, ben er klaar mee. Leuk als je sl krap bij kas zit en 3 dagen op je geld moet wachten en geen centen meer hebt voor een 2de tankbeurt."
53,2020-03-12 14:23:20,False,Infinity_61,1,"{'id': 14289105, 'body': 'Beste Infinity_61, wil je contact opnemen met consumentenservice@bp.com, zodat we je verder kunnen helpen?', 'modified': '2020-03-27T14:20:59Z'}",Werkt niet,"Leuk geprobeerd maar technisch nog lang niet in orde.
Veel problemen met vrijgeven van tank, en transacties.
Diverse malen wel bedragen afgeschreven maar geen brandstof.
Vervolgens zeer lang in de wacht bij klantenservice.
Ik heb mijn account en de app weer verwijderd."
54,2020-03-12 16:51:12,False,Dick Trofniets,5,"{'id': 14289085, 'body': 'Dank voor je bericht, fijn om te horen dat het gelukt is Dick!', 'modified': '2020-03-27T14:19:46Z'}",Het werkt eindelijk,Na een maand trial and error werkt de App eindelijk! Al 2x achter elkaar gelukt met iDeal!
55,2020-03-13 10:04:20,False,Jackie Oooh,5,"{'id': 14289037, 'body': 'Fijn om te horen Jackie Oooh!', 'modified': '2020-03-27T14:17:27Z'}",Geweldig handig,"Ik gebruik deze app nu altijd. Tanken en snel weer op weg. Automatisch punten sparen, ideaal gewoon. Top deze app!"
56,2020-03-18 08:00:56,False,MKL013,1,"{'id': 14288698, 'body': 'Beste MKL013, wil je contact opnemen met consumentenservice@bp.com zodat we je verder kunnen helpen?', 'modified': '2020-03-27T14:02:53Z'}",0 sterren oplichterij,"€50 ingegeven voor te tanken... je raadt het al een fout. Moest de shop in om af te rekenen... 3x €50,- weg"
57,2020-03-20 09:40:05,False,jumirojunior,1,"{'id': 14289025, 'body': 'Wat vervelend dat het niet lukte om BPme te installeren. We hopen dat je het toch nogmaals wilt proberen, we voeren continu verbeteringen door. Je kunt ook contact opnemen met consumentenservice@bp.com zodat we je verder kunnen helpen.', 'modified': '2020-03-27T14:16:24Z'}",Al problemen bij t installeren van app?!,Wil de app installeren wat enigzins lukt.. daarna kan ik mijn wachtwoord niet invullen omdat ik deze nergens kon invoeren. Nadat ik tot 6 keer (!) toe een reset probeerde om zo een nieuwe wachtwoord in te vullen leid de app mij terug naar t begin waar ik weer op de reset kom!! Heel irritant! Kortom van t kastje naar t muur! Bel ik op nemen ze ook niet op!  Zit ik nu 10 minuten aan de lijn! Uiteindelijk opgehangen en mijn werkmail gebruikt waardoor ik nu eindelijk de app kan gebruiken.. geeft de app nu aan: App launcher: you don’t have access to any apps. 😱😱😱🤦🏾‍♂️🤦🏾‍♂️🤦🏾‍♂️🤦🏾‍♂️ wat is dit nou weer!? Laat maar zitten BP! Te veel hoofdpijn.. loop wel naar binnen of Pin aan de pomp! #leukmaarnietheus
58,2020-03-23 12:47:42,False,Sukkelszz,2,"{'id': 14288768, 'body': 'Beste Sukkelszz, wil je contact opnemen met consumentenservice@bp.com zodat we je verder kunnen helpen?', 'modified': '2020-03-27T14:05:15Z'}",Werkt voor geen meter,All paar keer goed gegaan en all vaker dubbel betaalt en niet kunne tanken en naar andere pomp gereden
59,2020-03-29 22:14:24,False,Pinoow78,5,"{'id': 14490968, 'body': 'Fijn om te horen Pinoow78!', 'modified': '2020-04-06T13:48:07Z'}",Eindelijk!,"Na een aantal opstart problemen werkt de app nu prima. Het makkelijkste en snelste werkt het als je je creditcard of je BP Routex card aan de app koppelt. Via iDeal betalen kost iets meer handelingen en dus tijd. Freebees worden bijgeschreven, factuur in je mailbox. Top!"
60,2020-03-29 22:19:39,False,Butt.F,5,"{'id': 14361999, 'body': 'Dank voor je compliment Butt.F, fijn om te horen. En we werken inderdaad hard aan de uitrol over ons volledige netwerk!', 'modified': '2020-03-31T12:17:18Z'}",Handige app,"Goede app van BP! 

Werkt helaas nog niet bij alle BP’s, maar dat komt vast goed 👍🏽"
61,2020-03-30 04:50:48,False,Jethro Groenescheij,4,"{'id': 14432369, 'body': 'Beste Marig, in de nieuwste versie van BPme hebben we enkele bugs verholpen. Wil je  binnenkort nog eens tanken via BPme met je privé betaalpas? Je kunt ook contact opnemen via consumentenservice@bp.com, zodat we je verder kunnen helpen.', 'modified': '2020-04-03T09:12:14Z'}",Marig,"App werkt prima met de BP tankpas.
Maar wanneer je met een betaalpas van de bank gekoppeld wil tanken is het nog niet 1 keer goed gegaan.

Zakelijk gebruik ik de App.
Privé niet meer.

Erg jammer."
62,2020-04-09 06:31:32,False,Gesinsu,1,"{'id': 14735727, 'body': 'Beste Gesinsu, de achterstand in terugbetalingen is inmiddels verholpen, onze excuses voor het ongemak. Wil je ons via consumentenservice@bp.com laten weten op welke locatie je op 8 april een storing had met BPme? De actie om extra FreeBees te sparen met BPme is overigens verlengd t/m 31 mei 2020. ', 'modified': '2020-04-17T15:00:48Z'}",Niets voor mij,"Met ideal betalen duurt lang, vooruit betalen, wacht inmiddels 10 dagen op terugbetaling wat binnen 1 werkdag hoort. Gebeld was een fout en wordt handmatig over gemaakt maar moet er wel zelf achter aan. Gisteren nog eenmaal app willen gebruiken voor de laatste gratis freebees maar storing. Ik ben sneller als ik in de winkel afreken. De app lijkt vooral ontwikkeld voor de creditcard houders. Kortom, niets voor mij. Gisteren ook aangegeven bij de service, die snapte het wel...... kortom ook geen veranderingen"
63,2020-04-17 16:12:00,False,lars314,1,"{'id': 15127944, 'body': 'Wat vervelend om te horen Lars! Zou je contact willen opnemen met onze klantenservice (0800 – 2727270 of via consumentenservice@bp.com) en aangeven welke foutmelding je op welk station ontvangt? We lossen het graag voor je op. ', 'modified': '2020-05-06T10:06:48Z'}",☹️,"Nog steeds storing, tot nu toe nog steeds de app niet kunnen gebruiken.
Meerdere keren opnieuw geïnstalleerd maakt geen verschil 😩."
64,2020-05-04 11:20:09,False,tbrhdudbbu,1,"{'id': 15127866, 'body': 'Beste tbrhdudbbu, dank voor je bericht, daar gaat iets niet goed. Wil je je klacht svp mailen naar consumentenservice@bp.com? Alvast dank.', 'modified': '2020-05-06T10:04:50Z'}",Slecht service,Ik wacht nu al 4 weken op de helpdesk. Iedere week beloven ze terug te bellen en het probleem op te lossen. Helaas....
65,2020-05-08 16:58:40,False,RodgerBoom,1,"{'id': 15264590, 'body': 'Beste Rodger, wanneer een transactie onverhoopt niet lukt ontvang je binnen twee werkdagen het geld terug op je rekening. Wil je contact opnemen met consumentenservice@bp.com zodat we je verder kunnen helpen?', 'modified': '2020-05-12T09:35:25Z'}",Waardeloos,"Waardeloze app. Eerst €50,- afschrijven en dan doodleuk de pomp niet vrijgeven. 
En dan het lef hebben om te vragen of je het nog een keer wil proberen...
Zorg eerst dat je je zaken op orde hebt voordat je bedragen incasseert. 
24 uur later nog geen geld retour gekregen.
Het idee is leuk, maar de uitvoering is een totale aanfluiting."
66,2020-05-08 19:38:54,False,Traxxiz,1,,Slechte service,"App werkt niet (onterechte foutmelding bank) Evenals andere recensies, slechte service. Mails worden maar juiste e-mail adres gestuurd maar krijg indruk dat ze niet goed gelezen worden of 1e lijns snapt probleem niet. Meerdere malen een reproductie scenario gestuurd  en het is 100% reproduceerbaar. Moeizaam antwoord op de gestelde vragen en na een maand nog steeds niet verder gekomen. Wacht antwoord op laatste mail af, anders prullenbak en nooit meer eruit."
67,2020-05-10 12:32:37,False,Zoefsmurf,1,"{'id': 15264739, 'body': 'Beste Zoefsmurf, wat vervelend dat het niet lukte om in te loggen bij BPme. We hopen dat je het toch nogmaals wilt proberen, we voeren continu verbeteringen door. Je kunt ook contact opnemen met consumentenservice@bp.com zodat we je verder kunnen helpen.', 'modified': '2020-05-12T09:39:50Z'}",Werkt niet,"Eerst 5 keer je nieuwewachtwoord moeten opgeven. Dan nog een aantal codes invullen en als je dan eindelink mag inloggen in de app dan loopt de app vast. Kansloos, gelijk maar weer verwijderd"
68,2020-05-15 06:45:05,False,Fonsszzz,1,"{'id': 15340700, 'body': 'Beste Fonsszzz, dank voor je melding. We willen dit graag voor je oplossen. Wil je contact opnemen met onze klantenservice (consumentenservice@bp.com) en aangeven waar en wanneer je deze problemen hebt ondervonden? ', 'modified': '2020-05-15T12:14:34Z'}",App werkt niet,De app werkt niet naar behoren. Ik heb een IPhone 7 en en heb nu zo’n 15 keer de app geprobeerd. Daarvan is het amper 5x gelukt om een betaling succesvol af te ronden. Hij blijft altijd crashen tussen de wisseling van de BPme app naar de betaalapp of andersom. Wel krijg je je geld na een paar dagen terug. Erg teleurstellend. Deze app heeft in potentie veel waarde maar is nu alles behalve nuttig.
69,2020-05-20 04:34:48,False,Jaycepi,3,"{'id': 15494308, 'body': 'Dank voor je feedback Jaycepi!', 'modified': '2020-05-22T14:05:07Z'}",Easy tanken,"Leuke handige mogelijkheid, alleen jammer dat het zo lang duurt voordat die tank station vind. Zou sneller moeten kunnen"
70,2020-06-03 06:23:20,False,Rene24/7,2,"{'id': 16163128, 'body': 'Bedankt voor het achterlaten van feedback. Met de iDEAL en de creditcard optie kunt u het bedrag zelf instellen met stapjes van 5 euro. Als u de optie nog niet heeft kunnen vinden, kunt u contact opnemen met onze klantenservice. Fijne dag!', 'modified': '2020-06-23T08:40:56Z'}",Betaling ?,"De app werkt goed, alleen de betaling is slecht geregeld. Er moet een “vast” voorschot betaald worden van €150,- welke gelijk van de rekening wordt gehaald. (Ik tank met de motor max. €25,-) 

Waarom niet een variabel, zelf te kiezen, maximaal bedrag ? Of nog beter, een reservering die wordt gewijzigd in het werkelijk getankte bedrag. 
De gemiddelde onbemande pomp heeft dit beter geregeld. 
Voor mij reden “eens maar nooit weer”"
71,2020-06-24 22:10:14,False,CBtje,2,"{'id': 16336058, 'body': 'Beste CBtje, bedankt voor je feedback. We zijn de app continue aan het verbeteren en uitbreiden en nemen je feedback zeker mee.', 'modified': '2020-07-01T11:34:44Z'}",Mager en raar.,"Wat ik mis, is meer informatie over FreeBees. Waar ik ze kan besteden, met een link naar de website van die bedrijven. 
Raar: als ik bij ’account’ op FreeBees klik kom ik eigenlijk op een dood spoor. Je zou bij ‘acties’ terecht moeten komen. 
Magere app,  voor uitbreiding vatbaar. Afmaken dus."
72,2020-07-05 14:46:37,False,Mewacle,5,"{'id': 16433983, 'body': 'Beste Mewacle, bedankt voor je feedback. Het is al mogelijk om digitaal FreeBees te sparen met BPme. Je feedback op digitaal sparen voor andere acties nemen we mee!', 'modified': '2020-07-06T12:53:29Z'}",Sparen in de app?,Zegels digitaal sparen zou mooi zijn. Nu mis ik de spaaractie door gebruik van de app
73,2020-07-14 12:22:12,True,Meotje,3,"{'id': 16583315, 'body': 'Beste Meotje, alleen als je je FreeBees-kaart hebt toegevoegd in de app, kan je FreeBees sparen via BPme. Mocht je vragen of hulp nodig hebben, kan je altijd contact opnemen met onze klantenservice (consumentenservice@bp.com).\n\n', 'modified': '2020-07-13T07:52:46Z'}",Handig! Maar geen bijschrijven freebees,"Handige app, je kan zelf het bedrag aangeven wat je wilt tanken. 
Alleen geeft de app aan dat ik freebees heb gespaard, maar er worden geen freebees bijgeschreven helaas. Terwijl m’n freebees kaart wel gekoppeld is. 
Wel jammer dit.

Inmiddels heb ik contact opgenomen met freebees en die hebben alsnog de punten bijgeschreven."
74,2020-07-24 16:32:57,False,Bert van Donge,1,"{'id': 16948895, 'body': 'Hoi Bert, bedankt voor je review. We willen je graag verder helpen, maar we hebben wel iets meer informatie nodig. Wil je ons hierom mailen op consumentenservice@bp.com?', 'modified': '2020-07-29T08:13:01Z'}",Werkt niet,"Waardeloze app heb hem 1 of twee keer kunnen gebruiken.
Krijg nu steeds te zien vanwege een technische storing etc etc.
Alle updates zijn verwerkt mijn software van mijn telefoon heeft de laatste versie.
BP die hier wat aan"
75,2020-07-27 14:58:59,False,Liuyan_Kewei,1,"{'id': 16957769, 'body': 'Hoi Liuyan, bedankt voor je feedback. We gaan dit nader onderzoeken!\n', 'modified': '2020-07-29T13:57:43Z'}",App werkt niet meer,"Credit card gegevens kunnen niet meer opgeslagen worden. Account moet telkens opnieuw inloggen. Freebees niet meer aan BPme te koppelen.
De app is ineens wel heel erg defect"
76,2020-08-05 16:46:22,True,Nonya55,1,"{'id': 14288824, 'body': 'Bedankt voor het downloaden van de app en het achterlaten van een comment. Heb je al contact opgenomen met onze klantenservice? -> 0800-2727270 \nDe klantenservice staat voor je klaar om je verder te helpen.', 'modified': '2020-03-27T14:07:09Z'}",Onmogelijk om in te loggen,"Het ziet ernaar uit dat ik in kan loggen maar dan kom ik in een loop terecht op een scherm waar je akkoord moet gaan met veranderingen.  Vink allebei de velden aan, klik op akkoord, kom ik gelijk weer op datzelfde scherm. Erg irritant.
Heb hulp gekregen en nu werkt de app. Erg handig!  Hulp was ook goed! 
Eerste keer app gebruikt, leek te werken. Geld afgeschreven van bank, maar niet ontvangen door BP. Dus gewoon weer moeten pinnen. Geld pas na week terug van bank. Denk niet dat ik de App nog eens ga gebruiken.
Heb toch nog geprobeerd, maar weer problemen. De app herkent de inlog naam niet, of als dat wel gebeurt, dan herkent het systeem de betaling niet, dus moet er dubbel betaald worden en dan moet je wachten tot de bank je eindelijk terug betaald. Waardeloze app!!!!"
77,2020-09-15 12:23:09,False,Josblm,3,"{'id': 17925204, 'body': 'Hoi Jos, bedankt voor je feedback. We gaan dit nader onderzoeken!', 'modified': '2020-09-17T06:38:14Z'}","Prima, maar net niet waar ik tank...","Op zich werkt app prima, alleen net niet bij BP station in Oirschot waar ik meestal tank. De app geeft pomp 5 tot 12 als beschikbaar, terwijl je in werkelijkheid pomp 1 tot 8 hebt. Pomp 1 t/m 4 zijn met app dus niet te gebruiken. Al vaak gemeld, personeel daar weet geen oplossing"
78,2020-09-30 10:20:41,True,Websania,1,"{'id': 18096964, 'body': 'Je kan met iDeal betalen, maar daarvoor moet je echter naast de pomp staan. Als je alles invoert in de app, dan kan je iDEAL als betaalmethode kiezen en word je automatisch doorverbonden met jouw bank/ iDEAL pagina. Je moet inderdaad vooruit betalen, maar je krijgt het restbedrag teruggestort. ', 'modified': '2020-09-25T10:20:58Z'}",Dit werkt  nog steeds niet ok,"Ik vind het vooruitbetalen wat vreemd. Waarom niet gewoon afrekenen met een betaling zoals onbemande tankstations werken? Ik geloof niet dat ik doorga met deze app.

Nu ben ik vol goede moed een hernieuwde poging gaan doen om deze app te gebruiken. Na de voltooide betaling kreeg ik de melding dat de gekozen pomp niet vrij gegeven werd. Helaas, misschien volgende keer...."
79,2020-11-09 22:47:32,False,Hanneman_,5,"{'id': 19061086, 'body': 'Dankjewel voor de feedback! Dat horen we graag.', 'modified': '2020-11-12T08:29:45Z'}","Snel en handig , tanken en wegrijden",De app nu een keer of 10 al gebruikt bij BP (langs de A73 bij Roermond elke keer ) en ik moet zeggen .... nog nooit was tanken zo makkelijk en nooit meer wachten aan de kassa op deze manier. App werkt prima en blijf ik nu ook steeds gebruiken en hoop dat het zo makkelijk blijft gaan. Voor het bedrag wat je niet getankt hebt heb je binnen 2 dagen terug op je rekening. En geen geprinte bon meer maar alles digitaal beschikbaar. 👍 ga zo door
80,2020-11-10 19:40:04,False,yornenieh,1,"{'id': 19061109, 'body': 'Bedankt voor de feedback. Dat klinkt niet wenselijk! Heb je al contact opgenomen met onze klantenservice? -> 0800-2727270 De klantenservice staat voor je klaar om je verder te helpen.', 'modified': '2020-11-12T08:31:11Z'}",Na update drama,Na de update van gisteren is het onmogelijk om je freebies kaart toe te voegen. Mijn wachtwoord en kaart nummer kloppen gewoon maar kan in de app niet inloggen en op internet wel. Heeft t altijd gedaan maar nu niet meer.
81,2020-11-17 13:53:32,False,Marina1948582,5,"{'id': 19311725, 'body': 'Dankjewel voor het compliment! ', 'modified': '2020-11-24T07:13:31Z'}",Top app,Fijne manier om snel te betalen zonder de shop in te gaan. Daarnaast ook toegang tot al mijn FreeBees aanbiedingen!
82,2020-12-03 15:27:11,False,Noicezulu,1,"{'id': 19782587, 'body': 'Bedankt voor je feedback. We zijn achter de schermen druk bezig om dit op te lossen. Mocht je vragen of hulp nodig hebben, kan je altijd contact opnemen met onze klantenservice (consumentenservice@bp.com).', 'modified': '2020-12-15T14:44:12Z'}",Inloggen,Probeer al geruime tijd in te loggen maar niets werkt!
83,2020-12-06 09:30:08,False,Adviseurtje,1,"{'id': 19782601, 'body': 'Bedankt voor je feedback. We zijn achter de schermen druk bezig om dit op te lossen. Mocht je vragen of hulp nodig hebben, kan je altijd contact opnemen met onze klantenservice (consumentenservice@bp.com).', 'modified': '2020-12-15T14:44:42Z'}",Slecht,"De BP me app geïnstalleerd. Bij 2 tankstation ging het een paar keer goed. Bij andere tankstations van BP dus niet. Na een poosje werkte de app ook niet bij het station waar deze eerst wel werkte. Krijg je de melding vraag pompbediende. Deze zijn dus totaal niet op de hoogte. Per e-mail probleem aangegeven bij BP. Totaal geen reactie.
Conclusie waardeloze app en waardeloze service."
84,2020-12-12 08:35:24,False,peterznl,1,"{'id': 19782608, 'body': 'Bedankt voor je feedback. We zijn achter de schermen druk bezig om dit op te lossen. Mocht je vragen of hulp nodig hebben, kan je altijd contact opnemen met onze klantenservice (consumentenservice@bp.com).', 'modified': '2020-12-15T14:44:52Z'}",Waardeloze app. Update loopt vast,"Maar bij het inloggen kom je in een loop terecht, voor het accepteren van de update. En daar kom je dus niet meer uit. 
Koppelen van een bankpas is niet mogelijk, alleen creditcard. 
En bedenk wel, dat je hiermee de tankstation eigenaar een groot deel van zijn omzet van de bij producten ontneemt !"
85,2020-12-12 09:51:52,False,Delvenaar,3,"{'id': 19782613, 'body': 'Bedankt voor je feedback. We zijn achter de schermen druk bezig om dit op te lossen. Mocht je vragen of hulp nodig hebben, kan je altijd contact opnemen met onze klantenservice (consumentenservice@bp.com).', 'modified': '2020-12-15T14:45:02Z'}",App blijft hangen met nieuwe voorwaarden,fix it please!!!
86,2020-12-12 10:44:20,False,krijgdepestpleuris,1,"{'id': 19782617, 'body': 'Bedankt voor je feedback. We zijn achter de schermen druk bezig om dit op te lossen. Mocht je vragen of hulp nodig hebben, kan je altijd contact opnemen met onze klantenservice (consumentenservice@bp.com).', 'modified': '2020-12-15T14:45:15Z'}",Voorwaarden??,"Leuk die nieuwe voorwaarden die je moet accepteren maar na 1x alles accepteren vind ik het wel voldoende. Schijnbaar kan je de app dus niet meer gebruiken aangezien dat rot scherm elke keer terug komt!!!!

Altijd problemen met de BP app."
87,2020-12-22 22:25:47,False,jsjdjsjdndj,3,"{'id': 20184872, 'body': 'Bedankt voor je feedback. We geven dit intern door zodat dit probleem verholpen wordt. Mocht je vragen hebben, mag je altijd contact opnemen met onze klantenservice (consumentenservice@bp.com). Groet, bp.', 'modified': '2021-01-05T08:08:09Z'}",Laden bij locatie lukt niet,Als ik wil tanken moet ik een pompnummer invoeren alleen dat kan niet omdat hij steeds aan het laden is bij welk tankstation ik ben. Ik hoop dat er een update komt.
88,2021-01-02 09:12:48,False,w0ut3r,1,"{'id': 20184863, 'body': 'Bedankt voor je feedback, Wouter. We geven het intern door zodat we dit probleem verhelpen voor je. Groet, bp.', 'modified': '2021-01-05T08:07:09Z'}","Aanvankelijk goed, nu waardeloos.","Idee erg goed, ook ivm sparen FreeBees. Aanvankelijk veel gebruikt, nu niet meer. Alle betalingen mislukken. Geld wordt wel afgeschreven (en later ook weer teruggestort) maar transactie mislukt. Zelfs een keer beticht van diefstal!"
89,2021-01-20 08:25:14,False,HJ-Kamphuis,1,"{'id': 20658685, 'body': 'Bedankt voor je feedback. We geven het intern door zodat we dit probleem verhelpen voor je. Je mag ons ook altijd benaderen via consumentenservice@bp.com. Groet, bp.\n', 'modified': '2021-01-26T12:43:58Z'}",Update,Werkt na laatste update niet meer 😂😬
90,2021-02-01 06:00:09,False,Giybrush,2,"{'id': 20832672, 'body': 'Bedankt voor je bericht. Mocht je vragen of hulp nodig hebben, kan je altijd contact opnemen met onze klantenservice (consumentenservice@bp.com).', 'modified': '2021-02-03T10:58:16Z'}",Locatie tankstation wordt niet gevonden,Wanneer is er volledige dekking?
91,2021-02-19 10:57:33,True,Mfsnts,1,"{'id': 20658675, 'body': 'Bedankt voor je feedback. We geven het intern door zodat we dit probleem verhelpen voor je. Je mag ons ook altijd benaderen via consumentenservice@bp.com. Groet, bp.', 'modified': '2021-01-26T12:43:41Z'}",Gooi deze hele app weg,"Pas een boete gekregen + aangifte tegen mij. 
Ik zou zonder te betalen getankt hebben in dec 2020 en weggereden zijn. 
Er is op mijn rekening te zien dat er geld is afgeschreven. 
Tankstation heeft het uitgezocht. 
Volgens hen is het geld teruggestort. 
Blijkt het de volgende dag teruggestort te zijn. 
De pomp is vrij gegeven anders had ik niet getankt. 
Deze app geeft alleen maar problemen. 
Nu opgelost met eigenaar van waar ik tank. 
En aangifte is ingetrokken. 
Als deze app naar behoren werkte had deze hele rompslomp niet gehoeven."
92,2021-03-08 19:59:27,False,Js123498,1,"{'id': 21563181, 'body': 'Bedankt voor de feedback. Dat klinkt niet wenselijk! Heb je al contact opgenomen met onze klantenservice? -> 0800-2727270 De klantenservice staat voor je klaar om je verder te helpen.', 'modified': '2021-03-10T10:52:23Z'}",Slecht,Werkte aan het begin best goed. Nu al meerdere keren gehad dat hij niet werkt. En laatst keer wel geld van me rekening maar tank werd niet ontgrendelt. Wacht nog op me geld terug.
93,2021-03-09 21:13:20,False,Aagerri,1,"{'id': 21608981, 'body': 'Bedankt voor je feedback. We geven dit intern door zodat dit probleem verholpen wordt. Mocht je vragen hebben, mag je altijd contact opnemen met onze klantenservice (consumentenservice@bp.com). Groet, bp.', 'modified': '2021-03-12T09:20:25Z'}",Werkt niet,"Helaas, wat ik ook doe de app werkt niet. Als ik hij het tankstation sta geeft hij aan dat ik niet in de buurt ben van een tankstation. Ook geeft hij aan dat hij mijn freebees kaart niet kan vinden. Ik hoop dat het ooit eens wordt opgelost."
94,2021-03-15 18:01:11,False,R&M01,2,"{'id': 21704323, 'body': 'Bedankt voor je feedback. We geven dit intern door zodat dit probleem verholpen wordt. Mocht je vragen hebben, mag je altijd contact opnemen met onze klantenservice (consumentenservice@bp.com). Groet, bp.', 'modified': '2021-03-17T10:13:46Z'}",App werkt niet,Een paar maanden perfect gewerkt nu hopeloos start deels op en loopt vast. Wel jammer want op deze manier veel Free Bees mis gelopen stimuleert niet het sparen.
95,2021-03-22 15:09:11,False,M. Risakotta,3,"{'id': 22098269, 'body': 'Bedankt voor je feedback. We zijn achter de schermen druk bezig om dit op te lossen. Mocht je vragen of hulp nodig hebben, kan je altijd contact opnemen met onze klantenservice (consumentenservice@bp.com).', 'modified': '2021-04-07T11:07:26Z'}",Updaten werkt niet,Wanneer ik de app open geeft hij aan dat er een update is. Je wordt doorverwezen naar de App Store en daar kun je de app alleen openen en geen update downloaden.
96,2021-03-22 22:27:03,False,Okur-Yazar,2,"{'id': 22098278, 'body': 'Bedankt voor je feedback. We zijn achter de schermen druk bezig om dit op te lossen. Mocht je vragen of hulp nodig hebben, kan je altijd contact opnemen met onze klantenservice (consumentenservice@bp.com).', 'modified': '2021-04-07T11:07:47Z'}",Laat je in de steek,Ja je heb goed gelezen. De app kies het exacte moment om niet te werken. Eigenlijk wel slim van de app (!) niet veel te zeggen. Jammer zo’n grote bedrijf gaat voor zo’n amateuristisch applicatie.
97,2021-03-23 13:22:48,False,E Peelen,1,"{'id': 22098285, 'body': 'Bedankt voor je feedback. We zijn achter de schermen druk bezig om dit op te lossen. Mocht je vragen of hulp nodig hebben, kan je altijd contact opnemen met onze klantenservice (consumentenservice@bp.com).', 'modified': '2021-04-07T11:07:56Z'}",Werkt niet meer,"Vandaag na updat opende de app niet meer. 
Niet handig"
98,2021-04-07 20:21:00,False,bouli de sneeuwpop,1,"{'id': 22239836, 'body': 'Bedankt voor je feedback. We zijn achter de schermen druk bezig om dit op te lossen. Mocht je vragen of hulp nodig hebben, kan je altijd contact opnemen met onze klantenservice (consumentenservice@bp.com).', 'modified': '2021-04-14T11:56:35Z'}",Doet niets meer.,"Was er eerst blij mee. Deed wat het moest en was handig om mee te kunnen betalen. Nu doet de app niets meer. Loopt vast en verdwijnt steeds na een paar seconden. Jammer, was best handig maar nu onbruikbaar. Verwijderd."
99,2021-04-08 11:23:37,False,xhjeeki,1,"{'id': 22239844, 'body': 'Bedankt voor je feedback. We zijn achter de schermen druk bezig om dit op te lossen. Mocht je vragen of hulp nodig hebben, kan je altijd contact opnemen met onze klantenservice (consumentenservice@bp.com).', 'modified': '2021-04-14T11:56:53Z'}",Leuk idee slechte uitvoering of testbeleid,"Op zich een hele mooie en fijne app. Als die werkt tenminste. Een jaar geleden veel problemen bij vrijgeven na betalen. Nu weer gezeur met de creditcard. Al jaar lang gewoon kunnen betalen. Nu moet de betaling ineens in bankapp of bank website gevallideerd worden, maar dat kan dan vervolgens niet. Hoop dat dat opgelost wordt en dat het dan niet elke betaling moet worden gevallideerd."
100,2021-06-03 17:02:11,False,Epit69,2,"{'id': 23235489, 'body': 'Bedankt voor het delen van je feedback. Wat vervelend dat het kaart scannen niet lukt. Wij zullen dit intern doorgeven zodat het gebruik van de app straks beter verloopt. Bedankt en nog een mooie dag gewenst!', 'modified': '2021-06-07T09:32:07Z'}",Waardeloos,"Wat een waardeloze app. Kaart scannen lukt niet, zowel visacard als Rabobank geprobeerd. Heb de app verwijderd."
101,2021-06-07 16:16:14,True,..jgjv..,3,"{'id': 23235446, 'body': 'Bedankt voor het delen van jouw feedback! Dit is wel degelijk mogelijk. Zou u ons de naam van het tankstation kunnen geven? Dan nemen wij intern contact met ze op. Bedankt nogmaals en nog een fijne dag!', 'modified': '2021-06-07T09:30:57Z'}",BP shop accepteert app niet,"De laatste tijd veel reclame om met freebees te betalen. Wordt in de shop de barcode in de app geweigerd en kan het alleen met een fysieke freebees pas. Wat is het nut van de freebees functionaliteit in de app?

———————-

Edit: het gaat om de BP op ‘t Harde (8084HD 105). Ik betaal liever met de app dan in deze store. Ook in mijn verhaal hierboven Freebees pas was meerdere malen gescand, maar ik kon daar niet mee betalen. Achteraf zag ik dat ik ook geen Freebees punten had gekregen (slechte service).

Als deze suggestie er komt dan wil ik mijn waardering wel verhogen naar 4 of 5 punten: maak het mogelijk dat je de Freebees pas als betaalmiddel in de app kunt gebruiken. Je zou het kunnen implementeren dat het te gewenste bedrag het minimaal aantal punten moet zijn. Bijv. als ik voor 40 euro wens te tanken, dan moet er minimaal 4000 punten op de kaart staan."
102,2021-06-10 13:38:43,False,gamerSJS,1,"{'id': 23432612, 'body': 'Thank you for your feedback. This will help us to develop the app even better. We are working on a solution for this problem. Again, thank you! We wish you a lovely day. ', 'modified': '2021-06-17T06:41:35Z'}",Extremely unreliable,"This app has great intentions unfortunately it is highly unreliable I use my business tank card and I can hardly ever use the app at various stations! When I call ‘zakelijk contact’ they have absolutely no clue of what is going on. 

Please work on the reliability of this app havent been able to use in the past two weeks and I’m getting to the point of moving over to another tank card where i can make full use of the services they advertise!"
